INSERT INTO ROLES
(IDROLE, DESCROLE, RANG)
VALUES('cheffab', 'Chef de fabrication ', 6);


create table usermenu1707 as select * from USERMENU;

delete from USERMENU where 1=1;

INSERT INTO USERMENU
(ID, REFUSER, IDMENU, IDROLE, CODESERVICE, CODEDIR, INTERDIT)
VALUES('USRMENCHFAB00304001', NULL, 'MENUDYN00304001', 'cheffab', NULL, NULL, NULL);
INSERT INTO USERMENU
(ID, REFUSER, IDMENU, IDROLE, CODESERVICE, CODEDIR, INTERDIT)
VALUES('USRMENCHFAB00704001', NULL, 'ELM000011', 'cheffab', NULL, NULL, 1);
INSERT INTO USERMENU
(ID, REFUSER, IDMENU, IDROLE, CODESERVICE, CODEDIR, INTERDIT)
VALUES('USRMENCHFAB00804001', NULL, 'MENUP001V', 'cheffab', NULL, NULL, NULL);
INSERT INTO USERMENU
(ID, REFUSER, IDMENU, IDROLE, CODESERVICE, CODEDIR, INTERDIT)
VALUES('USRMENCHFAB001', NULL, 'MENUDYN001', 'cheffab', NULL, NULL, NULL);
INSERT INTO USERMENU
(ID, REFUSER, IDMENU, IDROLE, CODESERVICE, CODEDIR, INTERDIT)
VALUES('USRMENCHFAB07624', NULL, 'MENUDYN002', 'cheffab', NULL, NULL, NULL);
INSERT INTO USERMENU
(ID, REFUSER, IDMENU, IDROLE, CODESERVICE, CODEDIR, INTERDIT)
VALUES('USRMENCHFAB07622', NULL, 'MNDN00001', 'cheffab', NULL, NULL, NULL);
INSERT INTO USERMENU
(ID, REFUSER, IDMENU, IDROLE, CODESERVICE, CODEDIR, INTERDIT)
VALUES('USRMENCHFAB07623', NULL, 'MNDN00002', 'cheffab', NULL, NULL, NULL);
INSERT INTO USERMENU
(ID, REFUSER, IDMENU, IDROLE, CODESERVICE, CODEDIR, INTERDIT)
VALUES('USRMENCHFAB006', NULL, 'MNDN000000001', 'cheffab', NULL, NULL, NULL);
INSERT INTO USERMENU
(ID, REFUSER, IDMENU, IDROLE, CODESERVICE, CODEDIR, INTERDIT)
VALUES('USRMENCHFAB007', NULL, 'MNDN000000002', 'cheffab', NULL, NULL, NULL);
INSERT INTO USERMENU
(ID, REFUSER, IDMENU, IDROLE, CODESERVICE, CODEDIR, INTERDIT)
VALUES('USRMENCHFAB009', NULL, 'MNDN000000003', 'cheffab', NULL, NULL, NULL);
INSERT INTO USERMENU
(ID, REFUSER, IDMENU, IDROLE, CODESERVICE, CODEDIR, INTERDIT)
VALUES('USRMENCHFAB012', NULL, 'MDT021030017', 'cheffab', NULL, NULL, NULL);
INSERT INTO USERMENU
(ID, REFUSER, IDMENU, IDROLE, CODESERVICE, CODEDIR, INTERDIT)
VALUES('USRMENCHFAB000000002111', NULL, 'MNDN00000002111', 'cheffab', NULL, NULL, NULL);
INSERT INTO USERMENU
(ID, REFUSER, IDMENU, IDROLE, CODESERVICE, CODEDIR, INTERDIT)
VALUES('USRMENCHFAB07621', NULL, 'MNDN274', 'cheffab', NULL, NULL, NULL);
INSERT INTO USERMENU
(ID, REFUSER, IDMENU, IDROLE, CODESERVICE, CODEDIR, INTERDIT)
VALUES('USRMENCHFAB03004001', NULL, 'ELM00T3004001', 'cheffab', NULL, NULL, NULL);
INSERT INTO USERMENU
(ID, REFUSER, IDMENU, IDROLE, CODESERVICE, CODEDIR, INTERDIT)
VALUES('USRMENCHFAB00904001', NULL, 'ELM000904001', 'cheffab', NULL, NULL, NULL);




INSERT INTO ROLES
(IDROLE, DESCROLE, RANG)
VALUES('ctrmaitre', 'Contremaitre', 6);
INSERT INTO USERMENU
(ID, REFUSER, IDMENU, IDROLE, CODESERVICE, CODEDIR, INTERDIT)
VALUES('USRMENCTMTRE008040021', NULL, 'MENUDYN00304001', 'ctrmaitre', NULL, NULL, NULL);
INSERT INTO USERMENU
(ID, REFUSER, IDMENU, IDROLE, CODESERVICE, CODEDIR, INTERDIT)
VALUES('USRMENCTMTRE001', NULL, 'MNDN000000003', 'ctrmaitre', NULL, NULL, NULL);
 

INSERT INTO ROLES
(IDROLE, DESCROLE, RANG)
VALUES('magcentral', 'Magasinier Central', 6);

INSERT INTO USERMENU
(ID, REFUSER, IDMENU, IDROLE, CODESERVICE, CODEDIR, INTERDIT)
VALUES('USRMENMAGCTRL001', NULL, 'MNDN000000003', 'magcentral', NULL, NULL, NULL);

INSERT INTO ROLES
(IDROLE, DESCROLE, RANG)
VALUES('magtransitmp', 'Magasinier Transit Matiere premiere', 6);

INSERT INTO USERMENU
(ID, REFUSER, IDMENU, IDROLE, CODESERVICE, CODEDIR, INTERDIT)
VALUES('USRMENMAGTRANSMATPREM0001', NULL, 'MNDN000000003', 'magtransitmp', NULL, NULL, NULL);

INSERT INTO ROLES
(IDROLE, DESCROLE, RANG)
VALUES('magtransiteblg', 'Magasinier Transit Emballage', 6);

INSERT INTO USERMENU
(ID, REFUSER, IDMENU, IDROLE, CODESERVICE, CODEDIR, INTERDIT)
VALUES('USRMENMAGTRANSEMBALAG0001', NULL, 'MNDN000000003', 'magtransiteblg', NULL, NULL, NULL);

INSERT INTO UTILISATEUR
(REFUSER, LOGINUSER, PWDUSER, NOMUSER, ADRUSER, TELUSER, IDROLE)
VALUES(781025, 'Chef', '8i8i', 'Chef', 'DIR42', '1002067', 'cheffab');
INSERT INTO UTILISATEUR
(REFUSER, LOGINUSER, PWDUSER, NOMUSER, ADRUSER, TELUSER, IDROLE)
VALUES(781026, 'Contremaitre', '8i8i', 'Contremaitre', 'DIR42', '1002067', 'ctrmaitre');
INSERT INTO UTILISATEUR
(REFUSER, LOGINUSER, PWDUSER, NOMUSER, ADRUSER, TELUSER, IDROLE)
VALUES(781027, 'Magasiniercentral', '8i8i', 'Magasiniercentral', 'DIR42', '1002067', 'magcentral');
INSERT INTO UTILISATEUR
(REFUSER, LOGINUSER, PWDUSER, NOMUSER, ADRUSER, TELUSER, IDROLE)
VALUES(781028, 'Transitmp', '8i8i', 'Transitmp', 'DIR42', '1002067', 'magtransitmp');
INSERT INTO UTILISATEUR
(REFUSER, LOGINUSER, PWDUSER, NOMUSER, ADRUSER, TELUSER, IDROLE)
VALUES(781029, 'Transitemblg', '8i8i', 'Transitemblg', 'DIR42', '1002067', 'magtransiteblg');


INSERT INTO PARAMCRYPT
(ID, NIVEAU, CROISSANTE, IDUTILISATEUR)
VALUES('CRY0018231025', 4, 1, '781025');
INSERT INTO PARAMCRYPT
(ID, NIVEAU, CROISSANTE, IDUTILISATEUR)
VALUES('CRY0018231026', 4, 1, '781026');
INSERT INTO PARAMCRYPT
(ID, NIVEAU, CROISSANTE, IDUTILISATEUR)
VALUES('CRY0018231027', 4, 1, '781027');
INSERT INTO PARAMCRYPT
(ID, NIVEAU, CROISSANTE, IDUTILISATEUR)
VALUES('CRY0018231028', 4, 1, '781028');
INSERT INTO PARAMCRYPT
(ID, NIVEAU, CROISSANTE, IDUTILISATEUR)
VALUES('CRY0018231029', 4, 1, '781029');



INSERT INTO CNAPS_USER
(ID, CODE_DR, USER_INIT, AGENT_MO, AGENT_DISPONIBLE, USERNAME, CODE_SERVICE, ID_UTILISATEUR)
VALUES('CNP0001431025', 'DIR00001', '1', '1', '1', 'Chef', '1', '781025');
INSERT INTO CNAPS_USER
(ID, CODE_DR, USER_INIT, AGENT_MO, AGENT_DISPONIBLE, USERNAME, CODE_SERVICE, ID_UTILISATEUR)
VALUES('CNP0001431026', 'DIR00001', '1', '1', '1', 'Contremaitre', '1', '781026');
INSERT INTO CNAPS_USER
(ID, CODE_DR, USER_INIT, AGENT_MO, AGENT_DISPONIBLE, USERNAME, CODE_SERVICE, ID_UTILISATEUR)
VALUES('CNP0001431027', 'DIR00001', '1', '1', '1', 'Magasiniercentral', '1', '781027');
INSERT INTO CNAPS_USER
(ID, CODE_DR, USER_INIT, AGENT_MO, AGENT_DISPONIBLE, USERNAME, CODE_SERVICE, ID_UTILISATEUR)
VALUES('CNP0001431028', 'DIR00001', '1', '1', '1', 'Transitmp', '1', '781028');
INSERT INTO CNAPS_USER
(ID, CODE_DR, USER_INIT, AGENT_MO, AGENT_DISPONIBLE, USERNAME, CODE_SERVICE, ID_UTILISATEUR)
VALUES('CNP0001431029', 'DIR00001', '1', '1', '1', 'Transitemblg', '1', '781029');
