

INSERT INTO PAIE_INFO_PERSONNEL
(ID, DATESAISIE, MATRICULE, LIEU_NAISSANCE_COMMUNE, LIEU_DELIVRANCE_CIN, SITUATION_MATRIMONIAL, INITIALE, CTURGENCE_NOM_PRENOM, CTURGENCE_TELEPHONE1, CTURGENCE_TELEPHONE2, CTURGENCE_TELEPHONE3, IDCONJOINT, CODE_AGENCE_BANQUE, BANQUE_NUMERO_COMPTE, BANQUE_COMPTE_CLE, DATEEMBAUCHE, IDFONCTION, IDCATEGORIE, MODE_PAIEMENT, CLASSEE, INDICEGRADE, INDICE_FONCTIONNEL, MATRICULE_PATRON, STATUT, DROIT_HS, VEHICULEE, ECHELON, ETAT, CTG, IDUSER, INDICE_CT, DATEPROMOTION, NUMERO_CNAPS, NUMERO_OSTIE, TEMPORAIRE, N_EMBAUCHE, DATE_DEPART, N_DEPART, NBENFANT, HEUREJOURNALIER, HEUREHEBDOMADAIRE, HEUREMENSUEL, INDESIRABLE, DUREE, TELEPHONE, MAIL, ADRESSE_LIGNE1, ADRESSE_LIGNE2, CODE_POSTAL, REGION, IDCATEGORIE_PAIE, IDQUALIFICATION, FORMATION, DISCIPLINE, ANNEEEXPERIENCE, PERSONNEL_ETAT, PERIODE_ESSAI, DEBUTCONTRAT, FINCONTRAT, REFUSER, TYPECONTRAT)
VALUES('PRSSOC270801', NULL, '755', NULL, NULL, NULL, NULL, NULL, NULL, NULL, NULL, NULL, NULL, NULL, NULL, NULL, 'EX000041', NULL, NULL, NULL, NULL, NULL, NULL, NULL, NULL, 0, NULL, NULL, NULL, NULL, NULL, NULL, NULL, NULL, NULL, NULL, NULL, NULL, NULL, NULL, NULL, NULL, NULL, NULL, NULL, NULL, NULL, NULL, NULL, NULL, 'CP000002', 'QUAL0007', NULL, NULL, NULL, NULL, NULL, NULL, NULL, NULL, NULL);


INSERT INTO PERSONNEL
(ID, NOM, TELEPHONE, MAIL, ADRESSE, REMARQUE, COMPTE)
VALUES('PRSSOC270801', 'RAKOTOBE Liana', NULL, NULL, NULL, NULL, '4270801');

DELETE FROM PAIE_INFO_PERSONNEL
WHERE ID='PRS0000337';

DELETE FROM PAIE_INFO_PERSONNEL
WHERE ID='PRS0000340';

DELETE FROM PAIE_INFO_PERSONNEL
WHERE ID='PRS0000341';

INSERT INTO QUALIFICATION_PAIE
(ID, VAL, DESCE, IDPOSTE)
VALUES('QUAL0036', 'OP1B', 'OP1B', 'EX000041');


INSERT INTO CATEGORIE_QUALIFICATION
(ID, IDCATEGORIE, IDQUALIFICATION, REMARQUE, ETAT, MONTANT, DATE_DEBUT, DATE_FIN, AVENANT, IDPOSTE)
VALUES('CATQLSC270801', 'CP000002', 'QUAL0036', '-', 11, 332300, NULL, NULL, NULL, 'EX000041');

UPDATE PAIE_INFO_PERSONNEL
SET DATESAISIE=NULL, MATRICULE='1082', LIEU_NAISSANCE_COMMUNE=NULL, LIEU_DELIVRANCE_CIN=NULL, SITUATION_MATRIMONIAL=NULL, INITIALE=NULL, CTURGENCE_NOM_PRENOM=NULL, CTURGENCE_TELEPHONE1=NULL, CTURGENCE_TELEPHONE2=NULL, CTURGENCE_TELEPHONE3=NULL, IDCONJOINT=NULL, CODE_AGENCE_BANQUE=NULL, BANQUE_NUMERO_COMPTE=NULL, BANQUE_COMPTE_CLE=NULL, DATEEMBAUCHE=NULL, IDFONCTION=NULL, IDCATEGORIE=NULL, MODE_PAIEMENT=NULL, CLASSEE=NULL, INDICEGRADE=NULL, INDICE_FONCTIONNEL=NULL, MATRICULE_PATRON=NULL, STATUT=NULL, DROIT_HS=NULL, VEHICULEE=0, ECHELON=NULL, ETAT=NULL, CTG=NULL, IDUSER=NULL, INDICE_CT=NULL, DATEPROMOTION=NULL, NUMERO_CNAPS=NULL, NUMERO_OSTIE=NULL, TEMPORAIRE=1, N_EMBAUCHE=NULL, DATE_DEPART=NULL, N_DEPART=NULL, NBENFANT=NULL, HEUREJOURNALIER=NULL, HEUREHEBDOMADAIRE=NULL, HEUREMENSUEL=NULL, INDESIRABLE=NULL, DUREE=NULL, TELEPHONE=NULL, MAIL=NULL, ADRESSE_LIGNE1=NULL, ADRESSE_LIGNE2=NULL, CODE_POSTAL=NULL, REGION=NULL, IDCATEGORIE_PAIE='CP000002', IDQUALIFICATION='QUAL0036', FORMATION=NULL, DISCIPLINE=NULL, ANNEEEXPERIENCE=NULL, PERSONNEL_ETAT=NULL, PERIODE_ESSAI=NULL, DEBUTCONTRAT=NULL, FINCONTRAT=NULL, REFUSER=NULL, TYPECONTRAT=NULL
WHERE ID='PRSRT000040';


UPDATE PAIE_INFO_PERSONNEL
SET DATESAISIE=NULL, MATRICULE='1052', LIEU_NAISSANCE_COMMUNE=NULL, LIEU_DELIVRANCE_CIN=NULL, SITUATION_MATRIMONIAL=NULL, INITIALE=NULL, CTURGENCE_NOM_PRENOM=NULL, CTURGENCE_TELEPHONE1=NULL, CTURGENCE_TELEPHONE2=NULL, CTURGENCE_TELEPHONE3=NULL, IDCONJOINT=NULL, CODE_AGENCE_BANQUE=NULL, BANQUE_NUMERO_COMPTE=NULL, BANQUE_COMPTE_CLE=NULL, DATEEMBAUCHE=NULL, IDFONCTION=NULL, IDCATEGORIE=NULL, MODE_PAIEMENT=NULL, CLASSEE=NULL, INDICEGRADE=NULL, INDICE_FONCTIONNEL=NULL, MATRICULE_PATRON=NULL, STATUT=NULL, DROIT_HS=NULL, VEHICULEE=0, ECHELON=NULL, ETAT=NULL, CTG=NULL, IDUSER=NULL, INDICE_CT=NULL, DATEPROMOTION=NULL, NUMERO_CNAPS=NULL, NUMERO_OSTIE=NULL, TEMPORAIRE=NULL, N_EMBAUCHE=NULL, DATE_DEPART=NULL, N_DEPART=NULL, NBENFANT=NULL, HEUREJOURNALIER=NULL, HEUREHEBDOMADAIRE=NULL, HEUREMENSUEL=NULL, INDESIRABLE=NULL, DUREE=NULL, TELEPHONE=NULL, MAIL=NULL, ADRESSE_LIGNE1=NULL, ADRESSE_LIGNE2=NULL, CODE_POSTAL=NULL, REGION=NULL, IDCATEGORIE_PAIE='CP000001', IDQUALIFICATION='QUAL0001', FORMATION=NULL, DISCIPLINE=NULL, ANNEEEXPERIENCE=NULL, PERSONNEL_ETAT=NULL, PERIODE_ESSAI=NULL, DEBUTCONTRAT=NULL, FINCONTRAT=NULL, REFUSER=NULL, TYPECONTRAT=NULL
WHERE ID='PRSRT000038';

INSERT INTO CATEGORIE_QUALIFICATION
(ID, IDCATEGORIE, IDQUALIFICATION, REMARQUE, ETAT, MONTANT, DATE_DEBUT, DATE_FIN, AVENANT, IDPOSTE)
VALUES('CATQLSC270802', 'CP000002', 'QUAL0033', '-', 11, 302300, NULL, NULL, NULL, 'EX000041');




INSERT INTO PAIE_INFO_PERSONNEL
(ID, DATESAISIE, MATRICULE, LIEU_NAISSANCE_COMMUNE, LIEU_DELIVRANCE_CIN, SITUATION_MATRIMONIAL, INITIALE, CTURGENCE_NOM_PRENOM, CTURGENCE_TELEPHONE1, CTURGENCE_TELEPHONE2, CTURGENCE_TELEPHONE3, IDCONJOINT, CODE_AGENCE_BANQUE, BANQUE_NUMERO_COMPTE, BANQUE_COMPTE_CLE, DATEEMBAUCHE, IDFONCTION, IDCATEGORIE, MODE_PAIEMENT, CLASSEE, INDICEGRADE, INDICE_FONCTIONNEL, MATRICULE_PATRON, STATUT, DROIT_HS, VEHICULEE, ECHELON, ETAT, CTG, IDUSER, INDICE_CT, DATEPROMOTION, NUMERO_CNAPS, NUMERO_OSTIE, TEMPORAIRE, N_EMBAUCHE, DATE_DEPART, N_DEPART, NBENFANT, HEUREJOURNALIER, HEUREHEBDOMADAIRE, HEUREMENSUEL, INDESIRABLE, DUREE, TELEPHONE, MAIL, ADRESSE_LIGNE1, ADRESSE_LIGNE2, CODE_POSTAL, REGION, IDCATEGORIE_PAIE, IDQUALIFICATION, FORMATION, DISCIPLINE, ANNEEEXPERIENCE, PERSONNEL_ETAT, PERIODE_ESSAI, DEBUTCONTRAT, FINCONTRAT, REFUSER, TYPECONTRAT)
VALUES('PRSSOC270802', NULL, '1443A-1921A-2034A', NULL, NULL, NULL, NULL, NULL, NULL, NULL, NULL, NULL, NULL, NULL, NULL, NULL, 'EX000041', NULL, NULL, NULL, NULL, NULL, NULL, NULL, NULL, 0, NULL, NULL, NULL, NULL, NULL, NULL, NULL, NULL, NULL, NULL, NULL, NULL, NULL, NULL, NULL, NULL, NULL, NULL, NULL, NULL, NULL, NULL, NULL, NULL, 'CP000001', 'QUAL0007', NULL, NULL, NULL, NULL, NULL, NULL, NULL, NULL, NULL);


INSERT INTO PERSONNEL
(ID, NOM, TELEPHONE, MAIL, ADRESSE, REMARQUE, COMPTE)
VALUES('PRSSOC270802', 'RAKOTOMALALA Fanja', NULL, NULL, NULL, NULL, '4270802');



INSERT INTO PAIE_INFO_PERSONNEL
(ID, DATESAISIE, MATRICULE, LIEU_NAISSANCE_COMMUNE, LIEU_DELIVRANCE_CIN, SITUATION_MATRIMONIAL, INITIALE, CTURGENCE_NOM_PRENOM, CTURGENCE_TELEPHONE1, CTURGENCE_TELEPHONE2, CTURGENCE_TELEPHONE3, IDCONJOINT, CODE_AGENCE_BANQUE, BANQUE_NUMERO_COMPTE, BANQUE_COMPTE_CLE, DATEEMBAUCHE, IDFONCTION, IDCATEGORIE, MODE_PAIEMENT, CLASSEE, INDICEGRADE, INDICE_FONCTIONNEL, MATRICULE_PATRON, STATUT, DROIT_HS, VEHICULEE, ECHELON, ETAT, CTG, IDUSER, INDICE_CT, DATEPROMOTION, NUMERO_CNAPS, NUMERO_OSTIE, TEMPORAIRE, N_EMBAUCHE, DATE_DEPART, N_DEPART, NBENFANT, HEUREJOURNALIER, HEUREHEBDOMADAIRE, HEUREMENSUEL, INDESIRABLE, DUREE, TELEPHONE, MAIL, ADRESSE_LIGNE1, ADRESSE_LIGNE2, CODE_POSTAL, REGION, IDCATEGORIE_PAIE, IDQUALIFICATION, FORMATION, DISCIPLINE, ANNEEEXPERIENCE, PERSONNEL_ETAT, PERIODE_ESSAI, DEBUTCONTRAT, FINCONTRAT, REFUSER, TYPECONTRAT)
VALUES('PRSSOC270803', NULL, '2282A-2746A-2747A', NULL, NULL, NULL, NULL, NULL, NULL, NULL, NULL, NULL, NULL, NULL, NULL, NULL, 'EX000041', NULL, NULL, NULL, NULL, NULL, NULL, NULL, NULL, 0, NULL, NULL, NULL, NULL, NULL, NULL, NULL, NULL, NULL, NULL, NULL, NULL, NULL, NULL, NULL, NULL, NULL, NULL, NULL, NULL, NULL, NULL, NULL, NULL, 'CP000001', 'QUAL0007', NULL, NULL, NULL, NULL, NULL, NULL, NULL, NULL, NULL);


INSERT INTO PERSONNEL
(ID, NOM, TELEPHONE, MAIL, ADRESSE, REMARQUE, COMPTE)
VALUES('PRSSOC270803', 'RAKOTOMALALA Onjatiana', NULL, NULL, NULL, NULL, '4270803');



INSERT INTO PAIE_INFO_PERSONNEL
(ID, DATESAISIE, MATRICULE, LIEU_NAISSANCE_COMMUNE, LIEU_DELIVRANCE_CIN, SITUATION_MATRIMONIAL, INITIALE, CTURGENCE_NOM_PRENOM, CTURGENCE_TELEPHONE1, CTURGENCE_TELEPHONE2, CTURGENCE_TELEPHONE3, IDCONJOINT, CODE_AGENCE_BANQUE, BANQUE_NUMERO_COMPTE, BANQUE_COMPTE_CLE, DATEEMBAUCHE, IDFONCTION, IDCATEGORIE, MODE_PAIEMENT, CLASSEE, INDICEGRADE, INDICE_FONCTIONNEL, MATRICULE_PATRON, STATUT, DROIT_HS, VEHICULEE, ECHELON, ETAT, CTG, IDUSER, INDICE_CT, DATEPROMOTION, NUMERO_CNAPS, NUMERO_OSTIE, TEMPORAIRE, N_EMBAUCHE, DATE_DEPART, N_DEPART, NBENFANT, HEUREJOURNALIER, HEUREHEBDOMADAIRE, HEUREMENSUEL, INDESIRABLE, DUREE, TELEPHONE, MAIL, ADRESSE_LIGNE1, ADRESSE_LIGNE2, CODE_POSTAL, REGION, IDCATEGORIE_PAIE, IDQUALIFICATION, FORMATION, DISCIPLINE, ANNEEEXPERIENCE, PERSONNEL_ETAT, PERIODE_ESSAI, DEBUTCONTRAT, FINCONTRAT, REFUSER, TYPECONTRAT)
VALUES('PRSSOC270804', NULL, '201A-719A-767A', NULL, NULL, NULL, NULL, NULL, NULL, NULL, NULL, NULL, NULL, NULL, NULL, NULL, 'EX000041', NULL, NULL, NULL, NULL, NULL, NULL, NULL, NULL, 0, NULL, NULL, NULL, NULL, NULL, NULL, NULL, NULL, NULL, NULL, NULL, NULL, NULL, NULL, NULL, NULL, NULL, NULL, NULL, NULL, NULL, NULL, NULL, NULL, 'CP000001', 'QUAL0007', NULL, NULL, NULL, NULL, NULL, NULL, NULL, NULL, NULL);


INSERT INTO PERSONNEL
(ID, NOM, TELEPHONE, MAIL, ADRESSE, REMARQUE, COMPTE)
VALUES('PRSSOC270804', 'RASOAMANANA Olitiana', NULL, NULL, NULL, NULL, '4270804');



INSERT INTO PAIE_INFO_PERSONNEL
(ID, DATESAISIE, MATRICULE, LIEU_NAISSANCE_COMMUNE, LIEU_DELIVRANCE_CIN, SITUATION_MATRIMONIAL, INITIALE, CTURGENCE_NOM_PRENOM, CTURGENCE_TELEPHONE1, CTURGENCE_TELEPHONE2, CTURGENCE_TELEPHONE3, IDCONJOINT, CODE_AGENCE_BANQUE, BANQUE_NUMERO_COMPTE, BANQUE_COMPTE_CLE, DATEEMBAUCHE, IDFONCTION, IDCATEGORIE, MODE_PAIEMENT, CLASSEE, INDICEGRADE, INDICE_FONCTIONNEL, MATRICULE_PATRON, STATUT, DROIT_HS, VEHICULEE, ECHELON, ETAT, CTG, IDUSER, INDICE_CT, DATEPROMOTION, NUMERO_CNAPS, NUMERO_OSTIE, TEMPORAIRE, N_EMBAUCHE, DATE_DEPART, N_DEPART, NBENFANT, HEUREJOURNALIER, HEUREHEBDOMADAIRE, HEUREMENSUEL, INDESIRABLE, DUREE, TELEPHONE, MAIL, ADRESSE_LIGNE1, ADRESSE_LIGNE2, CODE_POSTAL, REGION, IDCATEGORIE_PAIE, IDQUALIFICATION, FORMATION, DISCIPLINE, ANNEEEXPERIENCE, PERSONNEL_ETAT, PERIODE_ESSAI, DEBUTCONTRAT, FINCONTRAT, REFUSER, TYPECONTRAT)
VALUES('PRSSOC270805', NULL, '1151A-2222A-2442A', NULL, NULL, NULL, NULL, NULL, NULL, NULL, NULL, NULL, NULL, NULL, NULL, NULL, 'EX000041', NULL, NULL, NULL, NULL, NULL, NULL, NULL, NULL, 0, NULL, NULL, NULL, NULL, NULL, NULL, NULL, NULL, NULL, NULL, NULL, NULL, NULL, NULL, NULL, NULL, NULL, NULL, NULL, NULL, NULL, NULL, NULL, NULL, 'CP000001', 'QUAL0007', NULL, NULL, NULL, NULL, NULL, NULL, NULL, NULL, NULL);


INSERT INTO PERSONNEL
(ID, NOM, TELEPHONE, MAIL, ADRESSE, REMARQUE, COMPTE)
VALUES('PRSSOC270805', 'RASOAMANANA Manoa', NULL, NULL, NULL, NULL, '4270805');




INSERT INTO PAIE_INFO_PERSONNEL
(ID, DATESAISIE, MATRICULE, LIEU_NAISSANCE_COMMUNE, LIEU_DELIVRANCE_CIN, SITUATION_MATRIMONIAL, INITIALE, CTURGENCE_NOM_PRENOM, CTURGENCE_TELEPHONE1, CTURGENCE_TELEPHONE2, CTURGENCE_TELEPHONE3, IDCONJOINT, CODE_AGENCE_BANQUE, BANQUE_NUMERO_COMPTE, BANQUE_COMPTE_CLE, DATEEMBAUCHE, IDFONCTION, IDCATEGORIE, MODE_PAIEMENT, CLASSEE, INDICEGRADE, INDICE_FONCTIONNEL, MATRICULE_PATRON, STATUT, DROIT_HS, VEHICULEE, ECHELON, ETAT, CTG, IDUSER, INDICE_CT, DATEPROMOTION, NUMERO_CNAPS, NUMERO_OSTIE, TEMPORAIRE, N_EMBAUCHE, DATE_DEPART, N_DEPART, NBENFANT, HEUREJOURNALIER, HEUREHEBDOMADAIRE, HEUREMENSUEL, INDESIRABLE, DUREE, TELEPHONE, MAIL, ADRESSE_LIGNE1, ADRESSE_LIGNE2, CODE_POSTAL, REGION, IDCATEGORIE_PAIE, IDQUALIFICATION, FORMATION, DISCIPLINE, ANNEEEXPERIENCE, PERSONNEL_ETAT, PERIODE_ESSAI, DEBUTCONTRAT, FINCONTRAT, REFUSER, TYPECONTRAT)
VALUES('PRSSOC270806', NULL, '2608A-2609A-2649A', NULL, NULL, NULL, NULL, NULL, NULL, NULL, NULL, NULL, NULL, NULL, NULL, NULL, 'EX000041', NULL, NULL, NULL, NULL, NULL, NULL, NULL, NULL, 0, NULL, NULL, NULL, NULL, NULL, NULL, NULL, NULL, NULL, NULL, NULL, NULL, NULL, NULL, NULL, NULL, NULL, NULL, NULL, NULL, NULL, NULL, NULL, NULL, 'CP000001', 'QUAL0007', NULL, NULL, NULL, NULL, NULL, NULL, NULL, NULL, NULL);


INSERT INTO PERSONNEL
(ID, NOM, TELEPHONE, MAIL, ADRESSE, REMARQUE, COMPTE)
VALUES('PRSSOC270806', 'RAVELONIRINA Matthieu', NULL, NULL, NULL, NULL, '4270806');





INSERT INTO PAIE_INFO_PERSONNEL
(ID, DATESAISIE, MATRICULE, LIEU_NAISSANCE_COMMUNE, LIEU_DELIVRANCE_CIN, SITUATION_MATRIMONIAL, INITIALE, CTURGENCE_NOM_PRENOM, CTURGENCE_TELEPHONE1, CTURGENCE_TELEPHONE2, CTURGENCE_TELEPHONE3, IDCONJOINT, CODE_AGENCE_BANQUE, BANQUE_NUMERO_COMPTE, BANQUE_COMPTE_CLE, DATEEMBAUCHE, IDFONCTION, IDCATEGORIE, MODE_PAIEMENT, CLASSEE, INDICEGRADE, INDICE_FONCTIONNEL, MATRICULE_PATRON, STATUT, DROIT_HS, VEHICULEE, ECHELON, ETAT, CTG, IDUSER, INDICE_CT, DATEPROMOTION, NUMERO_CNAPS, NUMERO_OSTIE, TEMPORAIRE, N_EMBAUCHE, DATE_DEPART, N_DEPART, NBENFANT, HEUREJOURNALIER, HEUREHEBDOMADAIRE, HEUREMENSUEL, INDESIRABLE, DUREE, TELEPHONE, MAIL, ADRESSE_LIGNE1, ADRESSE_LIGNE2, CODE_POSTAL, REGION, IDCATEGORIE_PAIE, IDQUALIFICATION, FORMATION, DISCIPLINE, ANNEEEXPERIENCE, PERSONNEL_ETAT, PERIODE_ESSAI, DEBUTCONTRAT, FINCONTRAT, REFUSER, TYPECONTRAT)
VALUES('PRSSOC270808', NULL, '930T-951T', NULL, NULL, NULL, NULL, NULL, NULL, NULL, NULL, NULL, NULL, NULL, NULL, NULL, 'EX000041', NULL, NULL, NULL, NULL, NULL, NULL, NULL, NULL, 0, NULL, NULL, NULL, NULL, NULL, NULL, NULL, NULL, NULL, NULL, NULL, NULL, NULL, NULL, NULL, NULL, NULL, NULL, NULL, NULL, NULL, NULL, NULL, NULL, 'CP000001', 'QUAL0007', NULL, NULL, NULL, NULL, NULL, NULL, NULL, NULL, NULL);


INSERT INTO PERSONNEL
(ID, NOM, TELEPHONE, MAIL, ADRESSE, REMARQUE, COMPTE)
VALUES('PRSSOC270808', 'RAKOTOMANGA Rindra', NULL, NULL, NULL, NULL, '4270808');





INSERT INTO PAIE_INFO_PERSONNEL
(ID, DATESAISIE, MATRICULE, LIEU_NAISSANCE_COMMUNE, LIEU_DELIVRANCE_CIN, SITUATION_MATRIMONIAL, INITIALE, CTURGENCE_NOM_PRENOM, CTURGENCE_TELEPHONE1, CTURGENCE_TELEPHONE2, CTURGENCE_TELEPHONE3, IDCONJOINT, CODE_AGENCE_BANQUE, BANQUE_NUMERO_COMPTE, BANQUE_COMPTE_CLE, DATEEMBAUCHE, IDFONCTION, IDCATEGORIE, MODE_PAIEMENT, CLASSEE, INDICEGRADE, INDICE_FONCTIONNEL, MATRICULE_PATRON, STATUT, DROIT_HS, VEHICULEE, ECHELON, ETAT, CTG, IDUSER, INDICE_CT, DATEPROMOTION, NUMERO_CNAPS, NUMERO_OSTIE, TEMPORAIRE, N_EMBAUCHE, DATE_DEPART, N_DEPART, NBENFANT, HEUREJOURNALIER, HEUREHEBDOMADAIRE, HEUREMENSUEL, INDESIRABLE, DUREE, TELEPHONE, MAIL, ADRESSE_LIGNE1, ADRESSE_LIGNE2, CODE_POSTAL, REGION, IDCATEGORIE_PAIE, IDQUALIFICATION, FORMATION, DISCIPLINE, ANNEEEXPERIENCE, PERSONNEL_ETAT, PERIODE_ESSAI, DEBUTCONTRAT, FINCONTRAT, REFUSER, TYPECONTRAT)
VALUES('PRSSOC270809', NULL, '760', NULL, NULL, NULL, NULL, NULL, NULL, NULL, NULL, NULL, NULL, NULL, NULL, NULL, 'EX000041', NULL, NULL, NULL, NULL, NULL, NULL, NULL, NULL, 0, NULL, NULL, NULL, NULL, NULL, NULL, NULL, NULL, NULL, NULL, NULL, NULL, NULL, NULL, NULL, NULL, NULL, NULL, NULL, NULL, NULL, NULL, NULL, NULL, 'CP000002', 'QUAL0024', NULL, NULL, NULL, NULL, NULL, NULL, NULL, NULL, NULL);


INSERT INTO PERSONNEL
(ID, NOM, TELEPHONE, MAIL, ADRESSE, REMARQUE, COMPTE)
VALUES('PRSSOC270809', 'Andrianomenjanahary Jean', NULL, NULL, NULL, NULL, '4270809');


DELETE FROM PAIE_INFO_PERSONNEL
WHERE ID='PRSRT000077';



DELETE FROM PERSONNEL
WHERE ID='PRSRT000077';

--
--
-- SELECT * FROM PERSONNEL_MATRICULE WHERE (UPPER(id) LIKE '%760%' OR UPPER(nom) LIKE '%760%' OR UPPER(telephone) LIKE '%760%')
--


INSERT INTO CATEGORIE_QUALIFICATION
(ID, IDCATEGORIE, IDQUALIFICATION, REMARQUE, ETAT, MONTANT, DATE_DEBUT, DATE_FIN, AVENANT, IDPOSTE)
VALUES('CATQLSC00270803', 'CP000002', 'QUAL0029', '-', 11, 302300, NULL, NULL, NULL, 'EX000041');



UPDATE PAIE_INFO_PERSONNEL
SET DATESAISIE=NULL, MATRICULE='865', LIEU_NAISSANCE_COMMUNE=NULL, LIEU_DELIVRANCE_CIN=NULL, SITUATION_MATRIMONIAL=NULL, INITIALE=NULL, CTURGENCE_NOM_PRENOM=NULL, CTURGENCE_TELEPHONE1=NULL, CTURGENCE_TELEPHONE2=NULL, CTURGENCE_TELEPHONE3=NULL, IDCONJOINT=NULL, CODE_AGENCE_BANQUE=NULL, BANQUE_NUMERO_COMPTE=NULL, BANQUE_COMPTE_CLE=NULL, DATEEMBAUCHE=NULL, IDFONCTION=NULL, IDCATEGORIE=NULL, MODE_PAIEMENT=NULL, CLASSEE=NULL, INDICEGRADE=NULL, INDICE_FONCTIONNEL=NULL, MATRICULE_PATRON=NULL, STATUT=NULL, DROIT_HS=NULL, VEHICULEE=0, ECHELON=NULL, ETAT=NULL, CTG=NULL, IDUSER=NULL, INDICE_CT=NULL, DATEPROMOTION=NULL, NUMERO_CNAPS=NULL, NUMERO_OSTIE=NULL, TEMPORAIRE=NULL, N_EMBAUCHE=NULL, DATE_DEPART=NULL, N_DEPART=NULL, NBENFANT=NULL, HEUREJOURNALIER=NULL, HEUREHEBDOMADAIRE=NULL, HEUREMENSUEL=NULL, INDESIRABLE=NULL, DUREE=NULL, TELEPHONE=NULL, MAIL=NULL, ADRESSE_LIGNE1=NULL, ADRESSE_LIGNE2=NULL, CODE_POSTAL=NULL, REGION=NULL, IDCATEGORIE_PAIE='CP000002', IDQUALIFICATION='QUAL0029', FORMATION=NULL, DISCIPLINE=NULL, ANNEEEXPERIENCE=NULL, PERSONNEL_ETAT=NULL, PERIODE_ESSAI=NULL, DEBUTCONTRAT=NULL, FINCONTRAT=NULL, REFUSER=NULL, TYPECONTRAT=NULL
WHERE ID='PRSRT000082';






INSERT INTO PAIE_INFO_PERSONNEL
(ID, DATESAISIE, MATRICULE, LIEU_NAISSANCE_COMMUNE, LIEU_DELIVRANCE_CIN, SITUATION_MATRIMONIAL, INITIALE, CTURGENCE_NOM_PRENOM, CTURGENCE_TELEPHONE1, CTURGENCE_TELEPHONE2, CTURGENCE_TELEPHONE3, IDCONJOINT, CODE_AGENCE_BANQUE, BANQUE_NUMERO_COMPTE, BANQUE_COMPTE_CLE, DATEEMBAUCHE, IDFONCTION, IDCATEGORIE, MODE_PAIEMENT, CLASSEE, INDICEGRADE, INDICE_FONCTIONNEL, MATRICULE_PATRON, STATUT, DROIT_HS, VEHICULEE, ECHELON, ETAT, CTG, IDUSER, INDICE_CT, DATEPROMOTION, NUMERO_CNAPS, NUMERO_OSTIE, TEMPORAIRE, N_EMBAUCHE, DATE_DEPART, N_DEPART, NBENFANT, HEUREJOURNALIER, HEUREHEBDOMADAIRE, HEUREMENSUEL, INDESIRABLE, DUREE, TELEPHONE, MAIL, ADRESSE_LIGNE1, ADRESSE_LIGNE2, CODE_POSTAL, REGION, IDCATEGORIE_PAIE, IDQUALIFICATION, FORMATION, DISCIPLINE, ANNEEEXPERIENCE, PERSONNEL_ETAT, PERIODE_ESSAI, DEBUTCONTRAT, FINCONTRAT, REFUSER, TYPECONTRAT)
VALUES('PRSSOC270870', NULL, '2405A-2523A-63T', NULL, NULL, NULL, NULL, NULL, NULL, NULL, NULL, NULL, NULL, NULL, NULL, NULL, 'EX000041', NULL, NULL, NULL, NULL, NULL, NULL, NULL, NULL, 0, NULL, NULL, NULL, NULL, NULL, NULL, NULL, NULL, NULL, NULL, NULL, NULL, NULL, NULL, NULL, NULL, NULL, NULL, NULL, NULL, NULL, NULL, NULL, NULL, 'CP000001', 'QUAL0007', NULL, NULL, NULL, NULL, NULL, NULL, NULL, NULL, NULL);

INSERT INTO PERSONNEL
(ID, NOM, TELEPHONE, MAIL, ADRESSE, REMARQUE, COMPTE)
VALUES('PRSSOC270870', 'Mamisoa Jose', NULL, NULL, NULL, NULL, '4270807');


---
INSERT INTO PAIE_INFO_PERSONNEL
(ID, DATESAISIE, MATRICULE, LIEU_NAISSANCE_COMMUNE, LIEU_DELIVRANCE_CIN, SITUATION_MATRIMONIAL, INITIALE, CTURGENCE_NOM_PRENOM, CTURGENCE_TELEPHONE1, CTURGENCE_TELEPHONE2, CTURGENCE_TELEPHONE3, IDCONJOINT, CODE_AGENCE_BANQUE, BANQUE_NUMERO_COMPTE, BANQUE_COMPTE_CLE, DATEEMBAUCHE, IDFONCTION, IDCATEGORIE, MODE_PAIEMENT, CLASSEE, INDICEGRADE, INDICE_FONCTIONNEL, MATRICULE_PATRON, STATUT, DROIT_HS, VEHICULEE, ECHELON, ETAT, CTG, IDUSER, INDICE_CT, DATEPROMOTION, NUMERO_CNAPS, NUMERO_OSTIE, TEMPORAIRE, N_EMBAUCHE, DATE_DEPART, N_DEPART, NBENFANT, HEUREJOURNALIER, HEUREHEBDOMADAIRE, HEUREMENSUEL, INDESIRABLE, DUREE, TELEPHONE, MAIL, ADRESSE_LIGNE1, ADRESSE_LIGNE2, CODE_POSTAL, REGION, IDCATEGORIE_PAIE, IDQUALIFICATION, FORMATION, DISCIPLINE, ANNEEEXPERIENCE, PERSONNEL_ETAT, PERIODE_ESSAI, DEBUTCONTRAT, FINCONTRAT, REFUSER, TYPECONTRAT)
VALUES('PRSSOC2708701', NULL, '2269A-2364A-2404A', NULL, NULL, NULL, NULL, NULL, NULL, NULL, NULL, NULL, NULL, NULL, NULL, NULL, 'EX000041', NULL, NULL, NULL, NULL, NULL, NULL, NULL, NULL, 0, NULL, NULL, NULL, NULL, NULL, NULL, NULL, NULL, NULL, NULL, NULL, NULL, NULL, NULL, NULL, NULL, NULL, NULL, NULL, NULL, NULL, NULL, NULL, NULL, 'CP000001', 'QUAL0007', NULL, NULL, NULL, NULL, NULL, NULL, NULL, NULL, NULL);


INSERT INTO PERSONNEL
(ID, NOM, TELEPHONE, MAIL, ADRESSE, REMARQUE, COMPTE)
VALUES('PRSSOC270871', 'Rasoanandro Mitantsoa', NULL, NULL, NULL, NULL, '4270807');


---



INSERT INTO PAIE_INFO_PERSONNEL
(ID, DATESAISIE, MATRICULE, LIEU_NAISSANCE_COMMUNE, LIEU_DELIVRANCE_CIN, SITUATION_MATRIMONIAL, INITIALE, CTURGENCE_NOM_PRENOM, CTURGENCE_TELEPHONE1, CTURGENCE_TELEPHONE2, CTURGENCE_TELEPHONE3, IDCONJOINT, CODE_AGENCE_BANQUE, BANQUE_NUMERO_COMPTE, BANQUE_COMPTE_CLE, DATEEMBAUCHE, IDFONCTION, IDCATEGORIE, MODE_PAIEMENT, CLASSEE, INDICEGRADE, INDICE_FONCTIONNEL, MATRICULE_PATRON, STATUT, DROIT_HS, VEHICULEE, ECHELON, ETAT, CTG, IDUSER, INDICE_CT, DATEPROMOTION, NUMERO_CNAPS, NUMERO_OSTIE, TEMPORAIRE, N_EMBAUCHE, DATE_DEPART, N_DEPART, NBENFANT, HEUREJOURNALIER, HEUREHEBDOMADAIRE, HEUREMENSUEL, INDESIRABLE, DUREE, TELEPHONE, MAIL, ADRESSE_LIGNE1, ADRESSE_LIGNE2, CODE_POSTAL, REGION, IDCATEGORIE_PAIE, IDQUALIFICATION, FORMATION, DISCIPLINE, ANNEEEXPERIENCE, PERSONNEL_ETAT, PERIODE_ESSAI, DEBUTCONTRAT, FINCONTRAT, REFUSER, TYPECONTRAT)
VALUES('PRSSOC27087012', NULL, '674A-1909A-1921A', NULL, NULL, NULL, NULL, NULL, NULL, NULL, NULL, NULL, NULL, NULL, NULL, NULL, 'EX000041', NULL, NULL, NULL, NULL, NULL, NULL, NULL, NULL, 0, NULL, NULL, NULL, NULL, NULL, NULL, NULL, NULL, NULL, NULL, NULL, NULL, NULL, NULL, NULL, NULL, NULL, NULL, NULL, NULL, NULL, NULL, NULL, NULL, 'CP000001', 'QUAL0007', NULL, NULL, NULL, NULL, NULL, NULL, NULL, NULL, NULL);


INSERT INTO PERSONNEL
(ID, NOM, TELEPHONE, MAIL, ADRESSE, REMARQUE, COMPTE)
VALUES('PRSSOC270872', 'Tombovelo Juliannah', NULL, NULL, NULL, NULL, '4270807');


---

INSERT INTO PAIE_INFO_PERSONNEL
(ID, DATESAISIE, MATRICULE, LIEU_NAISSANCE_COMMUNE, LIEU_DELIVRANCE_CIN, SITUATION_MATRIMONIAL, INITIALE, CTURGENCE_NOM_PRENOM, CTURGENCE_TELEPHONE1, CTURGENCE_TELEPHONE2, CTURGENCE_TELEPHONE3, IDCONJOINT, CODE_AGENCE_BANQUE, BANQUE_NUMERO_COMPTE, BANQUE_COMPTE_CLE, DATEEMBAUCHE, IDFONCTION, IDCATEGORIE, MODE_PAIEMENT, CLASSEE, INDICEGRADE, INDICE_FONCTIONNEL, MATRICULE_PATRON, STATUT, DROIT_HS, VEHICULEE, ECHELON, ETAT, CTG, IDUSER, INDICE_CT, DATEPROMOTION, NUMERO_CNAPS, NUMERO_OSTIE, TEMPORAIRE, N_EMBAUCHE, DATE_DEPART, N_DEPART, NBENFANT, HEUREJOURNALIER, HEUREHEBDOMADAIRE, HEUREMENSUEL, INDESIRABLE, DUREE, TELEPHONE, MAIL, ADRESSE_LIGNE1, ADRESSE_LIGNE2, CODE_POSTAL, REGION, IDCATEGORIE_PAIE, IDQUALIFICATION, FORMATION, DISCIPLINE, ANNEEEXPERIENCE, PERSONNEL_ETAT, PERIODE_ESSAI, DEBUTCONTRAT, FINCONTRAT, REFUSER, TYPECONTRAT)
VALUES('PRSSOC27087013', NULL, '2068A-2179A-2259A', NULL, NULL, NULL, NULL, NULL, NULL, NULL, NULL, NULL, NULL, NULL, NULL, NULL, 'EX000041', NULL, NULL, NULL, NULL, NULL, NULL, NULL, NULL, 0, NULL, NULL, NULL, NULL, NULL, NULL, NULL, NULL, NULL, NULL, NULL, NULL, NULL, NULL, NULL, NULL, NULL, NULL, NULL, NULL, NULL, NULL, NULL, NULL, 'CP000001', 'QUAL0007', NULL, NULL, NULL, NULL, NULL, NULL, NULL, NULL, NULL);


INSERT INTO PERSONNEL
(ID, NOM, TELEPHONE, MAIL, ADRESSE, REMARQUE, COMPTE)
VALUES('PRSSOC270873', 'Andrianirina Lucas', NULL, NULL, NULL, NULL, '4270807');


---


INSERT INTO PAIE_INFO_PERSONNEL
(ID, DATESAISIE, MATRICULE, LIEU_NAISSANCE_COMMUNE, LIEU_DELIVRANCE_CIN, SITUATION_MATRIMONIAL, INITIALE, CTURGENCE_NOM_PRENOM, CTURGENCE_TELEPHONE1, CTURGENCE_TELEPHONE2, CTURGENCE_TELEPHONE3, IDCONJOINT, CODE_AGENCE_BANQUE, BANQUE_NUMERO_COMPTE, BANQUE_COMPTE_CLE, DATEEMBAUCHE, IDFONCTION, IDCATEGORIE, MODE_PAIEMENT, CLASSEE, INDICEGRADE, INDICE_FONCTIONNEL, MATRICULE_PATRON, STATUT, DROIT_HS, VEHICULEE, ECHELON, ETAT, CTG, IDUSER, INDICE_CT, DATEPROMOTION, NUMERO_CNAPS, NUMERO_OSTIE, TEMPORAIRE, N_EMBAUCHE, DATE_DEPART, N_DEPART, NBENFANT, HEUREJOURNALIER, HEUREHEBDOMADAIRE, HEUREMENSUEL, INDESIRABLE, DUREE, TELEPHONE, MAIL, ADRESSE_LIGNE1, ADRESSE_LIGNE2, CODE_POSTAL, REGION, IDCATEGORIE_PAIE, IDQUALIFICATION, FORMATION, DISCIPLINE, ANNEEEXPERIENCE, PERSONNEL_ETAT, PERIODE_ESSAI, DEBUTCONTRAT, FINCONTRAT, REFUSER, TYPECONTRAT)
VALUES('PRSSOC27087014', NULL, '64T-104T-912T', NULL, NULL, NULL, NULL, NULL, NULL, NULL, NULL, NULL, NULL, NULL, NULL, NULL, 'EX000041', NULL, NULL, NULL, NULL, NULL, NULL, NULL, NULL, 0, NULL, NULL, NULL, NULL, NULL, NULL, NULL, NULL, NULL, NULL, NULL, NULL, NULL, NULL, NULL, NULL, NULL, NULL, NULL, NULL, NULL, NULL, NULL, NULL, 'CP000001', 'QUAL0007', NULL, NULL, NULL, NULL, NULL, NULL, NULL, NULL, NULL);


INSERT INTO PERSONNEL
(ID, NOM, TELEPHONE, MAIL, ADRESSE, REMARQUE, COMPTE)
VALUES('PRSSOC270874', 'Ravelonarivo Johary', NULL, NULL, NULL, NULL, '4270807');



---


INSERT INTO PAIE_INFO_PERSONNEL
(ID, DATESAISIE, MATRICULE, LIEU_NAISSANCE_COMMUNE, LIEU_DELIVRANCE_CIN, SITUATION_MATRIMONIAL, INITIALE, CTURGENCE_NOM_PRENOM, CTURGENCE_TELEPHONE1, CTURGENCE_TELEPHONE2, CTURGENCE_TELEPHONE3, IDCONJOINT, CODE_AGENCE_BANQUE, BANQUE_NUMERO_COMPTE, BANQUE_COMPTE_CLE, DATEEMBAUCHE, IDFONCTION, IDCATEGORIE, MODE_PAIEMENT, CLASSEE, INDICEGRADE, INDICE_FONCTIONNEL, MATRICULE_PATRON, STATUT, DROIT_HS, VEHICULEE, ECHELON, ETAT, CTG, IDUSER, INDICE_CT, DATEPROMOTION, NUMERO_CNAPS, NUMERO_OSTIE, TEMPORAIRE, N_EMBAUCHE, DATE_DEPART, N_DEPART, NBENFANT, HEUREJOURNALIER, HEUREHEBDOMADAIRE, HEUREMENSUEL, INDESIRABLE, DUREE, TELEPHONE, MAIL, ADRESSE_LIGNE1, ADRESSE_LIGNE2, CODE_POSTAL, REGION, IDCATEGORIE_PAIE, IDQUALIFICATION, FORMATION, DISCIPLINE, ANNEEEXPERIENCE, PERSONNEL_ETAT, PERIODE_ESSAI, DEBUTCONTRAT, FINCONTRAT, REFUSER, TYPECONTRAT)
VALUES('PRSSOC27087015', NULL, '37A-595A-643A', NULL, NULL, NULL, NULL, NULL, NULL, NULL, NULL, NULL, NULL, NULL, NULL, NULL, 'EX000041', NULL, NULL, NULL, NULL, NULL, NULL, NULL, NULL, 0, NULL, NULL, NULL, NULL, NULL, NULL, NULL, NULL, NULL, NULL, NULL, NULL, NULL, NULL, NULL, NULL, NULL, NULL, NULL, NULL, NULL, NULL, NULL, NULL, 'CP000001', 'QUAL0007', NULL, NULL, NULL, NULL, NULL, NULL, NULL, NULL, NULL);


INSERT INTO PERSONNEL
(ID, NOM, TELEPHONE, MAIL, ADRESSE, REMARQUE, COMPTE)
VALUES('PRSSOC270875', 'Rasoa Michella', NULL, NULL, NULL, NULL, '4270807');


--- ETOOOOOOO DEBUT


INSERT INTO PAIE_INFO_PERSONNEL
(ID, DATESAISIE, MATRICULE, LIEU_NAISSANCE_COMMUNE, LIEU_DELIVRANCE_CIN, SITUATION_MATRIMONIAL, INITIALE, CTURGENCE_NOM_PRENOM, CTURGENCE_TELEPHONE1, CTURGENCE_TELEPHONE2, CTURGENCE_TELEPHONE3, IDCONJOINT, CODE_AGENCE_BANQUE, BANQUE_NUMERO_COMPTE, BANQUE_COMPTE_CLE, DATEEMBAUCHE, IDFONCTION, IDCATEGORIE, MODE_PAIEMENT, CLASSEE, INDICEGRADE, INDICE_FONCTIONNEL, MATRICULE_PATRON, STATUT, DROIT_HS, VEHICULEE, ECHELON, ETAT, CTG, IDUSER, INDICE_CT, DATEPROMOTION, NUMERO_CNAPS, NUMERO_OSTIE, TEMPORAIRE, N_EMBAUCHE, DATE_DEPART, N_DEPART, NBENFANT, HEUREJOURNALIER, HEUREHEBDOMADAIRE, HEUREMENSUEL, INDESIRABLE, DUREE, TELEPHONE, MAIL, ADRESSE_LIGNE1, ADRESSE_LIGNE2, CODE_POSTAL, REGION, IDCATEGORIE_PAIE, IDQUALIFICATION, FORMATION, DISCIPLINE, ANNEEEXPERIENCE, PERSONNEL_ETAT, PERIODE_ESSAI, DEBUTCONTRAT, FINCONTRAT, REFUSER, TYPECONTRAT)
VALUES('PRSSOC27087016', NULL, '674A-1909A-1921A', NULL, NULL, NULL, NULL, NULL, NULL, NULL, NULL, NULL, NULL, NULL, NULL, NULL, 'EX000041', NULL, NULL, NULL, NULL, NULL, NULL, NULL, NULL, 0, NULL, NULL, NULL, NULL, NULL, NULL, NULL, NULL, NULL, NULL, NULL, NULL, NULL, NULL, NULL, NULL, NULL, NULL, NULL, NULL, NULL, NULL, NULL, NULL, 'CP000001', 'QUAL0007', NULL, NULL, NULL, NULL, NULL, NULL, NULL, NULL, NULL);

INSERT INTO PERSONNEL
(ID, NOM, TELEPHONE, MAIL, ADRESSE, REMARQUE, COMPTE)
VALUES('PRSSOC270876', 'Rasoa Michella', NULL, NULL, NULL, NULL, '4270807');


UPDATE PERSONNEL SET id = 'PRSSOC27087016' WHERE id = 'PRSSOC270876';
UPDATE PERSONNEL SET id = 'PRSSOC2708701' WHERE id = 'PRSSOC270871';
UPDATE PERSONNEL SET id = 'PRSSOC27087015' WHERE id = 'PRSSOC270875';
UPDATE PERSONNEL SET id = 'PRSSOC27087014' WHERE id = 'PRSSOC270874';
UPDATE PERSONNEL SET id = 'PRSSOC27087013' WHERE id = 'PRSSOC270873';
UPDATE PERSONNEL SET id = 'PRSSOC27087012' WHERE id = 'PRSSOC270872';



694A-1747A-2355A
2456A-2532A-2629A
2749A-2191A-2751A
2752A-2522A-2757A
2765A-2770A
370A-1275A-1525A
1529A-1747A-2036A
2191A-2355A-2388A
2406A-2456A-2461A
2522A-2532A-2547A
2550A-2556A-2629A
2630A-2633A-2749A
2752A-2753A-2756A
2764A-2766A-2769A


-- INSERT queries for matricule: 694A-1747A-2355A
INSERT INTO PAIE_INFO_PERSONNEL
(ID, DATESAISIE, MATRICULE, LIEU_NAISSANCE_COMMUNE, LIEU_DELIVRANCE_CIN, SITUATION_MATRIMONIAL, INITIALE, CTURGENCE_NOM_PRENOM, CTURGENCE_TELEPHONE1, CTURGENCE_TELEPHONE2, CTURGENCE_TELEPHONE3, IDCONJOINT, CODE_AGENCE_BANQUE, BANQUE_NUMERO_COMPTE, BANQUE_COMPTE_CLE, DATEEMBAUCHE, IDFONCTION, IDCATEGORIE, MODE_PAIEMENT, CLASSEE, INDICEGRADE, INDICE_FONCTIONNEL, MATRICULE_PATRON, STATUT, DROIT_HS, VEHICULEE, ECHELON, ETAT, CTG, IDUSER, INDICE_CT, DATEPROMOTION, NUMERO_CNAPS, NUMERO_OSTIE, TEMPORAIRE, N_EMBAUCHE, DATE_DEPART, N_DEPART, NBENFANT, HEUREJOURNALIER, HEUREHEBDOMADAIRE, HEUREMENSUEL, INDESIRABLE, DUREE, TELEPHONE, MAIL, ADRESSE_LIGNE1, ADRESSE_LIGNE2, CODE_POSTAL, REGION, IDCATEGORIE_PAIE, IDQUALIFICATION, FORMATION, DISCIPLINE, ANNEEEXPERIENCE, PERSONNEL_ETAT, PERIODE_ESSAI, DEBUTCONTRAT, FINCONTRAT, REFUSER, TYPECONTRAT)
VALUES('PRSSOC27087001', NULL, '694A-1747A-2355A', NULL, NULL, NULL, NULL, NULL, NULL, NULL, NULL, NULL, NULL, NULL, NULL, NULL, 'EX000041', NULL, NULL, NULL, NULL, NULL, NULL, NULL, NULL, 0, NULL, NULL, NULL, NULL, NULL, NULL, NULL, NULL, NULL, NULL, NULL, NULL, NULL, NULL, NULL, NULL, NULL, NULL, NULL, NULL, NULL, NULL, NULL, NULL, 'CP000001', 'QUAL0007', NULL, NULL, NULL, NULL, NULL, NULL, NULL, NULL, NULL);

INSERT INTO PERSONNEL
(ID, NOM, TELEPHONE, MAIL, ADRESSE, REMARQUE, COMPTE)
VALUES('PRSSOC27087001', 'Rabe Jean', NULL, NULL, NULL, NULL, '42708001');

-- INSERT queries for matricule: 2456A-2532A-2629A
INSERT INTO PAIE_INFO_PERSONNEL
(ID, DATESAISIE, MATRICULE, LIEU_NAISSANCE_COMMUNE, LIEU_DELIVRANCE_CIN, SITUATION_MATRIMONIAL, INITIALE, CTURGENCE_NOM_PRENOM, CTURGENCE_TELEPHONE1, CTURGENCE_TELEPHONE2, CTURGENCE_TELEPHONE3, IDCONJOINT, CODE_AGENCE_BANQUE, BANQUE_NUMERO_COMPTE, BANQUE_COMPTE_CLE, DATEEMBAUCHE, IDFONCTION, IDCATEGORIE, MODE_PAIEMENT, CLASSEE, INDICEGRADE, INDICE_FONCTIONNEL, MATRICULE_PATRON, STATUT, DROIT_HS, VEHICULEE, ECHELON, ETAT, CTG, IDUSER, INDICE_CT, DATEPROMOTION, NUMERO_CNAPS, NUMERO_OSTIE, TEMPORAIRE, N_EMBAUCHE, DATE_DEPART, N_DEPART, NBENFANT, HEUREJOURNALIER, HEUREHEBDOMADAIRE, HEUREMENSUEL, INDESIRABLE, DUREE, TELEPHONE, MAIL, ADRESSE_LIGNE1, ADRESSE_LIGNE2, CODE_POSTAL, REGION, IDCATEGORIE_PAIE, IDQUALIFICATION, FORMATION, DISCIPLINE, ANNEEEXPERIENCE, PERSONNEL_ETAT, PERIODE_ESSAI, DEBUTCONTRAT, FINCONTRAT, REFUSER, TYPECONTRAT)
VALUES('PRSSOC27087002', NULL, '2456A-2532A-2629A', NULL, NULL, NULL, NULL, NULL, NULL, NULL, NULL, NULL, NULL, NULL, NULL, NULL, 'EX000041', NULL, NULL, NULL, NULL, NULL, NULL, NULL, NULL, 0, NULL, NULL, NULL, NULL, NULL, NULL, NULL, NULL, NULL, NULL, NULL, NULL, NULL, NULL, NULL, NULL, NULL, NULL, NULL, NULL, NULL, NULL, NULL, NULL, 'CP000001', 'QUAL0007', NULL, NULL, NULL, NULL, NULL, NULL, NULL, NULL, NULL);

INSERT INTO PERSONNEL
(ID, NOM, TELEPHONE, MAIL, ADRESSE, REMARQUE, COMPTE)
VALUES('PRSSOC27087002', 'Rabe Julien', NULL, NULL, NULL, NULL, '42708001');

-- INSERT queries for matricule: 2749A-2191A-2751A
INSERT INTO PAIE_INFO_PERSONNEL
(ID, DATESAISIE, MATRICULE, LIEU_NAISSANCE_COMMUNE, LIEU_DELIVRANCE_CIN, SITUATION_MATRIMONIAL, INITIALE, CTURGENCE_NOM_PRENOM, CTURGENCE_TELEPHONE1, CTURGENCE_TELEPHONE2, CTURGENCE_TELEPHONE3, IDCONJOINT, CODE_AGENCE_BANQUE, BANQUE_NUMERO_COMPTE, BANQUE_COMPTE_CLE, DATEEMBAUCHE, IDFONCTION, IDCATEGORIE, MODE_PAIEMENT, CLASSEE, INDICEGRADE, INDICE_FONCTIONNEL, MATRICULE_PATRON, STATUT, DROIT_HS, VEHICULEE, ECHELON, ETAT, CTG, IDUSER, INDICE_CT, DATEPROMOTION, NUMERO_CNAPS, NUMERO_OSTIE, TEMPORAIRE, N_EMBAUCHE, DATE_DEPART, N_DEPART, NBENFANT, HEUREJOURNALIER, HEUREHEBDOMADAIRE, HEUREMENSUEL, INDESIRABLE, DUREE, TELEPHONE, MAIL, ADRESSE_LIGNE1, ADRESSE_LIGNE2, CODE_POSTAL, REGION, IDCATEGORIE_PAIE, IDQUALIFICATION, FORMATION, DISCIPLINE, ANNEEEXPERIENCE, PERSONNEL_ETAT, PERIODE_ESSAI, DEBUTCONTRAT, FINCONTRAT, REFUSER, TYPECONTRAT)
VALUES('PRSSOC27087003', NULL, '2749A-2191A-2751A', NULL, NULL, NULL, NULL, NULL, NULL, NULL, NULL, NULL, NULL, NULL, NULL, NULL, 'EX000041', NULL, NULL, NULL, NULL, NULL, NULL, NULL, NULL, 0, NULL, NULL, NULL, NULL, NULL, NULL, NULL, NULL, NULL, NULL, NULL, NULL, NULL, NULL, NULL, NULL, NULL, NULL, NULL, NULL, NULL, NULL, NULL, NULL, 'CP000001', 'QUAL0007', NULL, NULL, NULL, NULL, NULL, NULL, NULL, NULL, NULL);

INSERT INTO PERSONNEL
(ID, NOM, TELEPHONE, MAIL, ADRESSE, REMARQUE, COMPTE)
VALUES('PRSSOC27087003', 'Rakoto Nirina', NULL, NULL, NULL, NULL, '42708001');

-- INSERT queries for matricule: 2752A-2522A-2757A
INSERT INTO PAIE_INFO_PERSONNEL
(ID, DATESAISIE, MATRICULE, LIEU_NAISSANCE_COMMUNE, LIEU_DELIVRANCE_CIN, SITUATION_MATRIMONIAL, INITIALE, CTURGENCE_NOM_PRENOM, CTURGENCE_TELEPHONE1, CTURGENCE_TELEPHONE2, CTURGENCE_TELEPHONE3, IDCONJOINT, CODE_AGENCE_BANQUE, BANQUE_NUMERO_COMPTE, BANQUE_COMPTE_CLE, DATEEMBAUCHE, IDFONCTION, IDCATEGORIE, MODE_PAIEMENT, CLASSEE, INDICEGRADE, INDICE_FONCTIONNEL, MATRICULE_PATRON, STATUT, DROIT_HS, VEHICULEE, ECHELON, ETAT, CTG, IDUSER, INDICE_CT, DATEPROMOTION, NUMERO_CNAPS, NUMERO_OSTIE, TEMPORAIRE, N_EMBAUCHE, DATE_DEPART, N_DEPART, NBENFANT, HEUREJOURNALIER, HEUREHEBDOMADAIRE, HEUREMENSUEL, INDESIRABLE, DUREE, TELEPHONE, MAIL, ADRESSE_LIGNE1, ADRESSE_LIGNE2, CODE_POSTAL, REGION, IDCATEGORIE_PAIE, IDQUALIFICATION, FORMATION, DISCIPLINE, ANNEEEXPERIENCE, PERSONNEL_ETAT, PERIODE_ESSAI, DEBUTCONTRAT, FINCONTRAT, REFUSER, TYPECONTRAT)
VALUES('PRSSOC27087004', NULL, '2752A-2522A-2757A', NULL, NULL, NULL, NULL, NULL, NULL, NULL, NULL, NULL, NULL, NULL, NULL, NULL, 'EX000041', NULL, NULL, NULL, NULL, NULL, NULL, NULL, NULL, 0, NULL, NULL, NULL, NULL, NULL, NULL, NULL, NULL, NULL, NULL, NULL, NULL, NULL, NULL, NULL, NULL, NULL, NULL, NULL, NULL, NULL, NULL, NULL, NULL, 'CP000001', 'QUAL0007', NULL, NULL, NULL, NULL, NULL, NULL, NULL, NULL, NULL);

INSERT INTO PERSONNEL
(ID, NOM, TELEPHONE, MAIL, ADRESSE, REMARQUE, COMPTE)
VALUES('PRSSOC27087004', 'Soa Mahady', NULL, NULL, NULL, NULL, '42708001');

-- INSERT queries for matricule: 2765A-2770A
INSERT INTO PAIE_INFO_PERSONNEL
(ID, DATESAISIE, MATRICULE, LIEU_NAISSANCE_COMMUNE, LIEU_DELIVRANCE_CIN, SITUATION_MATRIMONIAL, INITIALE, CTURGENCE_NOM_PRENOM, CTURGENCE_TELEPHONE1, CTURGENCE_TELEPHONE2, CTURGENCE_TELEPHONE3, IDCONJOINT, CODE_AGENCE_BANQUE, BANQUE_NUMERO_COMPTE, BANQUE_COMPTE_CLE, DATEEMBAUCHE, IDFONCTION, IDCATEGORIE, MODE_PAIEMENT, CLASSEE, INDICEGRADE, INDICE_FONCTIONNEL, MATRICULE_PATRON, STATUT, DROIT_HS, VEHICULEE, ECHELON, ETAT, CTG, IDUSER, INDICE_CT, DATEPROMOTION, NUMERO_CNAPS, NUMERO_OSTIE, TEMPORAIRE, N_EMBAUCHE, DATE_DEPART, N_DEPART, NBENFANT, HEUREJOURNALIER, HEUREHEBDOMADAIRE, HEUREMENSUEL, INDESIRABLE, DUREE, TELEPHONE, MAIL, ADRESSE_LIGNE1, ADRESSE_LIGNE2, CODE_POSTAL, REGION, IDCATEGORIE_PAIE, IDQUALIFICATION, FORMATION, DISCIPLINE, ANNEEEXPERIENCE, PERSONNEL_ETAT, PERIODE_ESSAI, DEBUTCONTRAT, FINCONTRAT, REFUSER, TYPECONTRAT)
VALUES('PRSSOC27087005', NULL, '2765A-2770A', NULL, NULL, NULL, NULL, NULL, NULL, NULL, NULL, NULL, NULL, NULL, NULL, NULL, 'EX000041', NULL, NULL, NULL, NULL, NULL, NULL, NULL, NULL, 0, NULL, NULL, NULL, NULL, NULL, NULL, NULL, NULL, NULL, NULL, NULL, NULL, NULL, NULL, NULL, NULL, NULL, NULL, NULL, NULL, NULL, NULL, NULL, NULL, 'CP000001', 'QUAL0007', NULL, NULL, NULL, NULL, NULL, NULL, NULL, NULL, NULL);

INSERT INTO PERSONNEL
(ID, NOM, TELEPHONE, MAIL, ADRESSE, REMARQUE, COMPTE)
VALUES('PRSSOC27087005', 'Nalisoa Fitiavana', NULL, NULL, NULL, NULL, '42708001');

-- INSERT queries for matricule: 370A-1275A-1525A
INSERT INTO PAIE_INFO_PERSONNEL
(ID, DATESAISIE, MATRICULE, LIEU_NAISSANCE_COMMUNE, LIEU_DELIVRANCE_CIN, SITUATION_MATRIMONIAL, INITIALE, CTURGENCE_NOM_PRENOM, CTURGENCE_TELEPHONE1, CTURGENCE_TELEPHONE2, CTURGENCE_TELEPHONE3, IDCONJOINT, CODE_AGENCE_BANQUE, BANQUE_NUMERO_COMPTE, BANQUE_COMPTE_CLE, DATEEMBAUCHE, IDFONCTION, IDCATEGORIE, MODE_PAIEMENT, CLASSEE, INDICEGRADE, INDICE_FONCTIONNEL, MATRICULE_PATRON, STATUT, DROIT_HS, VEHICULEE, ECHELON, ETAT, CTG, IDUSER, INDICE_CT, DATEPROMOTION, NUMERO_CNAPS, NUMERO_OSTIE, TEMPORAIRE, N_EMBAUCHE, DATE_DEPART, N_DEPART, NBENFANT, HEUREJOURNALIER, HEUREHEBDOMADAIRE, HEUREMENSUEL, INDESIRABLE, DUREE, TELEPHONE, MAIL, ADRESSE_LIGNE1, ADRESSE_LIGNE2, CODE_POSTAL, REGION, IDCATEGORIE_PAIE, IDQUALIFICATION, FORMATION, DISCIPLINE, ANNEEEXPERIENCE, PERSONNEL_ETAT, PERIODE_ESSAI, DEBUTCONTRAT, FINCONTRAT, REFUSER, TYPECONTRAT)
VALUES('PRSSOC27087006', NULL, '370A-1275A-1525A', NULL, NULL, NULL, NULL, NULL, NULL, NULL, NULL, NULL, NULL, NULL, NULL, NULL, 'EX000041', NULL, NULL, NULL, NULL, NULL, NULL, NULL, NULL, 0, NULL, NULL, NULL, NULL, NULL, NULL, NULL, NULL, NULL, NULL, NULL, NULL, NULL, NULL, NULL, NULL, NULL, NULL, NULL, NULL, NULL, NULL, NULL, NULL, 'CP000001', 'QUAL0007', NULL, NULL, NULL, NULL, NULL, NULL, NULL, NULL, NULL);

INSERT INTO PERSONNEL
(ID, NOM, TELEPHONE, MAIL, ADRESSE, REMARQUE, COMPTE)
VALUES('PRSSOC27087006', 'Mialisoa Julien', NULL, NULL, NULL, NULL, '42708001');

-- INSERT queries for matricule: 1529A-1747A-2036A
INSERT INTO PAIE_INFO_PERSONNEL
(ID, DATESAISIE, MATRICULE, LIEU_NAISSANCE_COMMUNE, LIEU_DELIVRANCE_CIN, SITUATION_MATRIMONIAL, INITIALE, CTURGENCE_NOM_PRENOM, CTURGENCE_TELEPHONE1, CTURGENCE_TELEPHONE2, CTURGENCE_TELEPHONE3, IDCONJOINT, CODE_AGENCE_BANQUE, BANQUE_NUMERO_COMPTE, BANQUE_COMPTE_CLE, DATEEMBAUCHE, IDFONCTION, IDCATEGORIE, MODE_PAIEMENT, CLASSEE, INDICEGRADE, INDICE_FONCTIONNEL, MATRICULE_PATRON, STATUT, DROIT_HS, VEHICULEE, ECHELON, ETAT, CTG, IDUSER, INDICE_CT, DATEPROMOTION, NUMERO_CNAPS, NUMERO_OSTIE, TEMPORAIRE, N_EMBAUCHE, DATE_DEPART, N_DEPART, NBENFANT, HEUREJOURNALIER, HEUREHEBDOMADAIRE, HEUREMENSUEL, INDESIRABLE, DUREE, TELEPHONE, MAIL, ADRESSE_LIGNE1, ADRESSE_LIGNE2, CODE_POSTAL, REGION, IDCATEGORIE_PAIE, IDQUALIFICATION, FORMATION, DISCIPLINE, ANNEEEXPERIENCE, PERSONNEL_ETAT, PERIODE_ESSAI, DEBUTCONTRAT, FINCONTRAT, REFUSER, TYPECONTRAT)
VALUES('PRSSOC27087007', NULL, '1529A-1747A-2036A', NULL, NULL, NULL, NULL, NULL, NULL, NULL, NULL, NULL, NULL, NULL, NULL, NULL, 'EX000041', NULL, NULL, NULL, NULL, NULL, NULL, NULL, NULL, 0, NULL, NULL, NULL, NULL, NULL, NULL, NULL, NULL, NULL, NULL, NULL, NULL, NULL, NULL, NULL, NULL, NULL, NULL, NULL, NULL, NULL, NULL, NULL, NULL, 'CP000001', 'QUAL0007', NULL, NULL, NULL, NULL, NULL, NULL, NULL, NULL, NULL);

INSERT INTO PERSONNEL
(ID, NOM, TELEPHONE, MAIL, ADRESSE, REMARQUE, COMPTE)
VALUES('PRSSOC27087007', 'Jean Nirina', NULL, NULL, NULL, NULL, '42708001');

-- INSERT queries for matricule: 2191A-2355A-2388A
INSERT INTO PAIE_INFO_PERSONNEL
(ID, DATESAISIE, MATRICULE, LIEU_NAISSANCE_COMMUNE, LIEU_DELIVRANCE_CIN, SITUATION_MATRIMONIAL, INITIALE, CTURGENCE_NOM_PRENOM, CTURGENCE_TELEPHONE1, CTURGENCE_TELEPHONE2, CTURGENCE_TELEPHONE3, IDCONJOINT, CODE_AGENCE_BANQUE, BANQUE_NUMERO_COMPTE, BANQUE_COMPTE_CLE, DATEEMBAUCHE, IDFONCTION, IDCATEGORIE, MODE_PAIEMENT, CLASSEE, INDICEGRADE, INDICE_FONCTIONNEL, MATRICULE_PATRON, STATUT, DROIT_HS, VEHICULEE, ECHELON, ETAT, CTG, IDUSER, INDICE_CT, DATEPROMOTION, NUMERO_CNAPS, NUMERO_OSTIE, TEMPORAIRE, N_EMBAUCHE, DATE_DEPART, N_DEPART, NBENFANT, HEUREJOURNALIER, HEUREHEBDOMADAIRE, HEUREMENSUEL, INDESIRABLE, DUREE, TELEPHONE, MAIL, ADRESSE_LIGNE1, ADRESSE_LIGNE2, CODE_POSTAL, REGION, IDCATEGORIE_PAIE, IDQUALIFICATION, FORMATION, DISCIPLINE, ANNEEEXPERIENCE, PERSONNEL_ETAT, PERIODE_ESSAI, DEBUTCONTRAT, FINCONTRAT, REFUSER, TYPECONTRAT)
VALUES('PRSSOC27087008', NULL, '2191A-2355A-2388A', NULL, NULL, NULL, NULL, NULL, NULL, NULL, NULL, NULL, NULL, NULL, NULL, NULL, 'EX000041', NULL, NULL, NULL, NULL, NULL, NULL, NULL, NULL, 0, NULL, NULL, NULL, NULL, NULL, NULL, NULL, NULL, NULL, NULL, NULL, NULL, NULL, NULL, NULL, NULL, NULL, NULL, NULL, NULL, NULL, NULL, NULL, NULL, 'CP000001', 'QUAL0007', NULL, NULL, NULL, NULL, NULL, NULL, NULL, NULL, NULL);

INSERT INTO PERSONNEL
(ID, NOM, TELEPHONE, MAIL, ADRESSE, REMARQUE, COMPTE)
VALUES('PRSSOC27087008', 'Rakoto Sylvain', NULL, NULL, NULL, NULL, '42708001');

-- INSERT queries for matricule: 2406A-2456A-2461A
INSERT INTO PAIE_INFO_PERSONNEL
(ID, DATESAISIE, MATRICULE, LIEU_NAISSANCE_COMMUNE, LIEU_DELIVRANCE_CIN, SITUATION_MATRIMONIAL, INITIALE, CTURGENCE_NOM_PRENOM, CTURGENCE_TELEPHONE1, CTURGENCE_TELEPHONE2, CTURGENCE_TELEPHONE3, IDCONJOINT, CODE_AGENCE_BANQUE, BANQUE_NUMERO_COMPTE, BANQUE_COMPTE_CLE, DATEEMBAUCHE, IDFONCTION, IDCATEGORIE, MODE_PAIEMENT, CLASSEE, INDICEGRADE, INDICE_FONCTIONNEL, MATRICULE_PATRON, STATUT, DROIT_HS, VEHICULEE, ECHELON, ETAT, CTG, IDUSER, INDICE_CT, DATEPROMOTION, NUMERO_CNAPS, NUMERO_OSTIE, TEMPORAIRE, N_EMBAUCHE, DATE_DEPART, N_DEPART, NBENFANT, HEUREJOURNALIER, HEUREHEBDOMADAIRE, HEUREMENSUEL, INDESIRABLE, DUREE, TELEPHONE, MAIL, ADRESSE_LIGNE1, ADRESSE_LIGNE2, CODE_POSTAL, REGION, IDCATEGORIE_PAIE, IDQUALIFICATION, FORMATION, DISCIPLINE, ANNEEEXPERIENCE, PERSONNEL_ETAT, PERIODE_ESSAI, DEBUTCONTRAT, FINCONTRAT, REFUSER, TYPECONTRAT)
VALUES('PRSSOC27087009', NULL, '2406A-2456A-2461A', NULL, NULL, NULL, NULL, NULL, NULL, NULL, NULL, NULL, NULL, NULL, NULL, NULL, 'EX000041', NULL, NULL, NULL, NULL, NULL, NULL, NULL, NULL, 0, NULL, NULL, NULL, NULL, NULL, NULL, NULL, NULL, NULL, NULL, NULL, NULL, NULL, NULL, NULL, NULL, NULL, NULL, NULL, NULL, NULL, NULL, NULL, NULL, 'CP000001', 'QUAL0007', NULL, NULL, NULL, NULL, NULL, NULL, NULL, NULL, NULL);

INSERT INTO PERSONNEL
(ID, NOM, TELEPHONE, MAIL, ADRESSE, REMARQUE, COMPTE)
VALUES('PRSSOC27087009', 'Mahery Soa', NULL, NULL, NULL, NULL, '42708001');

-- INSERT queries for matricule: 2522A-2532A-2547A
INSERT INTO PAIE_INFO_PERSONNEL
(ID, DATESAISIE, MATRICULE, LIEU_NAISSANCE_COMMUNE, LIEU_DELIVRANCE_CIN, SITUATION_MATRIMONIAL, INITIALE, CTURGENCE_NOM_PRENOM, CTURGENCE_TELEPHONE1, CTURGENCE_TELEPHONE2, CTURGENCE_TELEPHONE3, IDCONJOINT, CODE_AGENCE_BANQUE, BANQUE_NUMERO_COMPTE, BANQUE_COMPTE_CLE, DATEEMBAUCHE, IDFONCTION, IDCATEGORIE, MODE_PAIEMENT, CLASSEE, INDICEGRADE, INDICE_FONCTIONNEL, MATRICULE_PATRON, STATUT, DROIT_HS, VEHICULEE, ECHELON, ETAT, CTG, IDUSER, INDICE_CT, DATEPROMOTION, NUMERO_CNAPS, NUMERO_OSTIE, TEMPORAIRE, N_EMBAUCHE, DATE_DEPART, N_DEPART, NBENFANT, HEUREJOURNALIER, HEUREHEBDOMADAIRE, HEUREMENSUEL, INDESIRABLE, DUREE, TELEPHONE, MAIL, ADRESSE_LIGNE1, ADRESSE_LIGNE2, CODE_POSTAL, REGION, IDCATEGORIE_PAIE, IDQUALIFICATION, FORMATION, DISCIPLINE, ANNEEEXPERIENCE, PERSONNEL_ETAT, PERIODE_ESSAI, DEBUTCONTRAT, FINCONTRAT, REFUSER, TYPECONTRAT)
VALUES('PRSSOC27087010', NULL, '2522A-2532A-2547A', NULL, NULL, NULL, NULL, NULL, NULL, NULL, NULL, NULL, NULL, NULL, NULL, NULL, 'EX000041', NULL, NULL, NULL, NULL, NULL, NULL, NULL, NULL, 0, NULL, NULL, NULL, NULL, NULL, NULL, NULL, NULL, NULL, NULL, NULL, NULL, NULL, NULL, NULL, NULL, NULL, NULL, NULL, NULL, NULL, NULL, NULL, NULL, 'CP000001', 'QUAL0007', NULL, NULL, NULL, NULL, NULL, NULL, NULL, NULL, NULL);

INSERT INTO PERSONNEL
(ID, NOM, TELEPHONE, MAIL, ADRESSE, REMARQUE, COMPTE)
VALUES('PRSSOC27087010', 'Randria Veronique', NULL, NULL, NULL, NULL, '42708001');

-- INSERT queries for matricule: 2550A-2556A-2629A
INSERT INTO PAIE_INFO_PERSONNEL
(ID, DATESAISIE, MATRICULE, LIEU_NAISSANCE_COMMUNE, LIEU_DELIVRANCE_CIN, SITUATION_MATRIMONIAL, INITIALE, CTURGENCE_NOM_PRENOM, CTURGENCE_TELEPHONE1, CTURGENCE_TELEPHONE2, CTURGENCE_TELEPHONE3, IDCONJOINT, CODE_AGENCE_BANQUE, BANQUE_NUMERO_COMPTE, BANQUE_COMPTE_CLE, DATEEMBAUCHE, IDFONCTION, IDCATEGORIE, MODE_PAIEMENT, CLASSEE, INDICEGRADE, INDICE_FONCTIONNEL, MATRICULE_PATRON, STATUT, DROIT_HS, VEHICULEE, ECHELON, ETAT, CTG, IDUSER, INDICE_CT, DATEPROMOTION, NUMERO_CNAPS, NUMERO_OSTIE, TEMPORAIRE, N_EMBAUCHE, DATE_DEPART, N_DEPART, NBENFANT, HEUREJOURNALIER, HEUREHEBDOMADAIRE, HEUREMENSUEL, INDESIRABLE, DUREE, TELEPHONE, MAIL, ADRESSE_LIGNE1, ADRESSE_LIGNE2, CODE_POSTAL, REGION, IDCATEGORIE_PAIE, IDQUALIFICATION, FORMATION, DISCIPLINE, ANNEEEXPERIENCE, PERSONNEL_ETAT, PERIODE_ESSAI, DEBUTCONTRAT, FINCONTRAT, REFUSER, TYPECONTRAT)
VALUES('PRSSOC27087011', NULL, '2550A-2556A-2629A', NULL, NULL, NULL, NULL, NULL, NULL, NULL, NULL, NULL, NULL, NULL, NULL, NULL, 'EX000041', NULL, NULL, NULL, NULL, NULL, NULL, NULL, NULL, 0, NULL, NULL, NULL, NULL, NULL, NULL, NULL, NULL, NULL, NULL, NULL, NULL, NULL, NULL, NULL, NULL, NULL, NULL, NULL, NULL, NULL, NULL, NULL, NULL, 'CP000001', 'QUAL0007', NULL, NULL, NULL, NULL, NULL, NULL, NULL, NULL, NULL);

INSERT INTO PERSONNEL
(ID, NOM, TELEPHONE, MAIL, ADRESSE, REMARQUE, COMPTE)
VALUES('PRSSOC27087011', 'Liantsoa Fy', NULL, NULL, NULL, NULL, '42708001');

-- INSERT queries for matricule: 2630A-2633A-2749A
INSERT INTO PAIE_INFO_PERSONNEL
(ID, DATESAISIE, MATRICULE, LIEU_NAISSANCE_COMMUNE, LIEU_DELIVRANCE_CIN, SITUATION_MATRIMONIAL, INITIALE, CTURGENCE_NOM_PRENOM, CTURGENCE_TELEPHONE1, CTURGENCE_TELEPHONE2, CTURGENCE_TELEPHONE3, IDCONJOINT, CODE_AGENCE_BANQUE, BANQUE_NUMERO_COMPTE, BANQUE_COMPTE_CLE, DATEEMBAUCHE, IDFONCTION, IDCATEGORIE, MODE_PAIEMENT, CLASSEE, INDICEGRADE, INDICE_FONCTIONNEL, MATRICULE_PATRON, STATUT, DROIT_HS, VEHICULEE, ECHELON, ETAT, CTG, IDUSER, INDICE_CT, DATEPROMOTION, NUMERO_CNAPS, NUMERO_OSTIE, TEMPORAIRE, N_EMBAUCHE, DATE_DEPART, N_DEPART, NBENFANT, HEUREJOURNALIER, HEUREHEBDOMADAIRE, HEUREMENSUEL, INDESIRABLE, DUREE, TELEPHONE, MAIL, ADRESSE_LIGNE1, ADRESSE_LIGNE2, CODE_POSTAL, REGION, IDCATEGORIE_PAIE, IDQUALIFICATION, FORMATION, DISCIPLINE, ANNEEEXPERIENCE, PERSONNEL_ETAT, PERIODE_ESSAI, DEBUTCONTRAT, FINCONTRAT, REFUSER, TYPECONTRAT)
VALUES('PRSSOC270870120', NULL, '2630A-2633A-2749A', NULL, NULL, NULL, NULL, NULL, NULL, NULL, NULL, NULL, NULL, NULL, NULL, NULL, 'EX000041', NULL, NULL, NULL, NULL, NULL, NULL, NULL, NULL, 0, NULL, NULL, NULL, NULL, NULL, NULL, NULL, NULL, NULL, NULL, NULL, NULL, NULL, NULL, NULL, NULL, NULL, NULL, NULL, NULL, NULL, NULL, NULL, NULL, 'CP000001', 'QUAL0007', NULL, NULL, NULL, NULL, NULL, NULL, NULL, NULL, NULL);

INSERT INTO PERSONNEL
(ID, NOM, TELEPHONE, MAIL, ADRESSE, REMARQUE, COMPTE)
VALUES('PRSSOC270870120', 'Mialy Tinah', NULL, NULL, NULL, NULL, '42708001');

-- INSERT queries for matricule: 2752A-2753A-2756A
INSERT INTO PAIE_INFO_PERSONNEL
(ID, DATESAISIE, MATRICULE, LIEU_NAISSANCE_COMMUNE, LIEU_DELIVRANCE_CIN, SITUATION_MATRIMONIAL, INITIALE, CTURGENCE_NOM_PRENOM, CTURGENCE_TELEPHONE1, CTURGENCE_TELEPHONE2, CTURGENCE_TELEPHONE3, IDCONJOINT, CODE_AGENCE_BANQUE, BANQUE_NUMERO_COMPTE, BANQUE_COMPTE_CLE, DATEEMBAUCHE, IDFONCTION, IDCATEGORIE, MODE_PAIEMENT, CLASSEE, INDICEGRADE, INDICE_FONCTIONNEL, MATRICULE_PATRON, STATUT, DROIT_HS, VEHICULEE, ECHELON, ETAT, CTG, IDUSER, INDICE_CT, DATEPROMOTION, NUMERO_CNAPS, NUMERO_OSTIE, TEMPORAIRE, N_EMBAUCHE, DATE_DEPART, N_DEPART, NBENFANT, HEUREJOURNALIER, HEUREHEBDOMADAIRE, HEUREMENSUEL, INDESIRABLE, DUREE, TELEPHONE, MAIL, ADRESSE_LIGNE1, ADRESSE_LIGNE2, CODE_POSTAL, REGION, IDCATEGORIE_PAIE, IDQUALIFICATION, FORMATION, DISCIPLINE, ANNEEEXPERIENCE, PERSONNEL_ETAT, PERIODE_ESSAI, DEBUTCONTRAT, FINCONTRAT, REFUSER, TYPECONTRAT)
VALUES('PRSSOC270870130', NULL, '2752A-2753A-2756A', NULL, NULL, NULL, NULL, NULL, NULL, NULL, NULL, NULL, NULL, NULL, NULL, NULL, 'EX000041', NULL, NULL, NULL, NULL, NULL, NULL, NULL, NULL, 0, NULL, NULL, NULL, NULL, NULL, NULL, NULL, NULL, NULL, NULL, NULL, NULL, NULL, NULL, NULL, NULL, NULL, NULL, NULL, NULL, NULL, NULL, NULL, NULL, 'CP000001', 'QUAL0007', NULL, NULL, NULL, NULL, NULL, NULL, NULL, NULL, NULL);

INSERT INTO PERSONNEL
(ID, NOM, TELEPHONE, MAIL, ADRESSE, REMARQUE, COMPTE)
VALUES('PRSSOC270870130', 'Nirina Fy', NULL, NULL, NULL, NULL, '42708001');

-- INSERT queries for matricule: 2764A-2766A-2769A
INSERT INTO PAIE_INFO_PERSONNEL
(ID, DATESAISIE, MATRICULE, LIEU_NAISSANCE_COMMUNE, LIEU_DELIVRANCE_CIN, SITUATION_MATRIMONIAL, INITIALE, CTURGENCE_NOM_PRENOM, CTURGENCE_TELEPHONE1, CTURGENCE_TELEPHONE2, CTURGENCE_TELEPHONE3, IDCONJOINT, CODE_AGENCE_BANQUE, BANQUE_NUMERO_COMPTE, BANQUE_COMPTE_CLE, DATEEMBAUCHE, IDFONCTION, IDCATEGORIE, MODE_PAIEMENT, CLASSEE, INDICEGRADE, INDICE_FONCTIONNEL, MATRICULE_PATRON, STATUT, DROIT_HS, VEHICULEE, ECHELON, ETAT, CTG, IDUSER, INDICE_CT, DATEPROMOTION, NUMERO_CNAPS, NUMERO_OSTIE, TEMPORAIRE, N_EMBAUCHE, DATE_DEPART, N_DEPART, NBENFANT, HEUREJOURNALIER, HEUREHEBDOMADAIRE, HEUREMENSUEL, INDESIRABLE, DUREE, TELEPHONE, MAIL, ADRESSE_LIGNE1, ADRESSE_LIGNE2, CODE_POSTAL, REGION, IDCATEGORIE_PAIE, IDQUALIFICATION, FORMATION, DISCIPLINE, ANNEEEXPERIENCE, PERSONNEL_ETAT, PERIODE_ESSAI, DEBUTCONTRAT, FINCONTRAT, REFUSER, TYPECONTRAT)
VALUES('PRSSOC270870140', NULL, '2764A-2766A-2769A', NULL, NULL, NULL, NULL, NULL, NULL, NULL, NULL, NULL, NULL, NULL, NULL, NULL, 'EX000041', NULL, NULL, NULL, NULL, NULL, NULL, NULL, NULL, 0, NULL, NULL, NULL, NULL, NULL, NULL, NULL, NULL, NULL, NULL, NULL, NULL, NULL, NULL, NULL, NULL, NULL, NULL, NULL, NULL, NULL, NULL, NULL, NULL, 'CP000001', 'QUAL0007', NULL, NULL, NULL, NULL, NULL, NULL, NULL, NULL, NULL);

INSERT INTO PERSONNEL
(ID, NOM, TELEPHONE, MAIL, ADRESSE, REMARQUE, COMPTE)
VALUES('PRSSOC270870140', 'Tinah Lova', NULL, NULL, NULL, NULL, '42708001');











-- SCRIPT RESSOURCE PAR FAB
INSERT INTO RESSOURCEPARFABRICATIONCOMPLET
(ID, IDFABRICATION, IDPOSTEDEFAUT, IDRESSOURCE, MATRICULE, IDOF, ETAT, TEMPORAIRE, IDQUALIFICATION, IDCATEGORIE, IDPOSTE, IDPOSTELIB, IDQUALIFICATIONEFFECTIVE, TAUXHORAIRE, HS, MN, JF, HD, "IF", ETATLIB, IDRESSOURCELIB)
VALUES('RPFAB000146', 'FAB000972', 'PST001', 'PRS000034', '743', NULL, 11, 0, 'QUAL0009', 'CP000001', 'PST001', 'Manoeuvre', 'QUAL0009', 1734.81, 0, 0, 0, 12, 0, 'VISEE', '743');
INSERT INTO RESSOURCEPARFABRICATIONCOMPLET
(ID, IDFABRICATION, IDPOSTEDEFAUT, IDRESSOURCE, MATRICULE, IDOF, ETAT, TEMPORAIRE, IDQUALIFICATION, IDCATEGORIE, IDPOSTE, IDPOSTELIB, IDQUALIFICATIONEFFECTIVE, TAUXHORAIRE, HS, MN, JF, HD, "IF", ETATLIB, IDRESSOURCELIB)
VALUES('RPFAB000176', 'FAB000972', 'PST001', 'PRSRT000051', '742', NULL, 11, NULL, 'QUAL0009', 'CP000001', 'PST001', 'Manoeuvre', 'QUAL0009', 1734.81, 8, 0, 0, 0, 0, 'VISEE', '742');
INSERT INTO RESSOURCEPARFABRICATIONCOMPLET
(ID, IDFABRICATION, IDPOSTEDEFAUT, IDRESSOURCE, MATRICULE, IDOF, ETAT, TEMPORAIRE, IDQUALIFICATION, IDCATEGORIE, IDPOSTE, IDPOSTELIB, IDQUALIFICATIONEFFECTIVE, TAUXHORAIRE, HS, MN, JF, HD, "IF", ETATLIB, IDRESSOURCELIB)
VALUES('RPFAB000147', 'FAB000972', 'PST001', 'PRS0000334', '754', NULL, 11, 0, 'QUAL0009', 'CP000001', 'PST001', 'Manoeuvre', 'QUAL0009', 1734.81, 0, 0, 0, 12, 0, 'VISEE', '754');
INSERT INTO RESSOURCEPARFABRICATIONCOMPLET
(ID, IDFABRICATION, IDPOSTEDEFAUT, IDRESSOURCE, MATRICULE, IDOF, ETAT, TEMPORAIRE, IDQUALIFICATION, IDCATEGORIE, IDPOSTE, IDPOSTELIB, IDQUALIFICATIONEFFECTIVE, TAUXHORAIRE, HS, MN, JF, HD, "IF", ETATLIB, IDRESSOURCELIB)
VALUES('RPFAB000160', 'FAB000972', 'PST001', 'PRSRT000032', '964', NULL, 11, NULL, 'QUAL0007', 'CP000001', 'PST001', 'Manoeuvre', 'QUAL0007', 1730.77, 0, 0, 0, 12, 0, 'VISEE', '964');
INSERT INTO RESSOURCEPARFABRICATIONCOMPLET
(ID, IDFABRICATION, IDPOSTEDEFAUT, IDRESSOURCE, MATRICULE, IDOF, ETAT, TEMPORAIRE, IDQUALIFICATION, IDCATEGORIE, IDPOSTE, IDPOSTELIB, IDQUALIFICATIONEFFECTIVE, TAUXHORAIRE, HS, MN, JF, HD, "IF", ETATLIB, IDRESSOURCELIB)
VALUES('RPFAB000148', 'FAB000972', 'EX000041', 'PRSSOC270801', '755', NULL, 11, NULL, 'QUAL0007', 'CP000001', 'PST001', 'Manoeuvre', 'QUAL0007', 1730.77, 0, 0, 0, 12, 0, 'VISEE', '755');
INSERT INTO RESSOURCEPARFABRICATIONCOMPLET
(ID, IDFABRICATION, IDPOSTEDEFAUT, IDRESSOURCE, MATRICULE, IDOF, ETAT, TEMPORAIRE, IDQUALIFICATION, IDCATEGORIE, IDPOSTE, IDPOSTELIB, IDQUALIFICATIONEFFECTIVE, TAUXHORAIRE, HS, MN, JF, HD, "IF", ETATLIB, IDRESSOURCELIB)
VALUES('RPFAB000166', 'FAB000972', 'PST001', 'PRSRT000039', '1055', NULL, 11, NULL, 'QUAL0006', 'CP000001', 'PST001', 'Manoeuvre', 'QUAL0006', 1650, 8, 0, 0, 0, 0, 'VISEE', '1055');
INSERT INTO RESSOURCEPARFABRICATIONCOMPLET
(ID, IDFABRICATION, IDPOSTEDEFAUT, IDRESSOURCE, MATRICULE, IDOF, ETAT, TEMPORAIRE, IDQUALIFICATION, IDCATEGORIE, IDPOSTE, IDPOSTELIB, IDQUALIFICATIONEFFECTIVE, TAUXHORAIRE, HS, MN, JF, HD, "IF", ETATLIB, IDRESSOURCELIB)
VALUES('RPFAB000206', 'FAB000972', 'PST001', 'PRSSOC27087010', '2522A-2532A-2547A', NULL, 11, NULL, 'QUAL0007', 'CP000001', 'PST001', 'Manoeuvre', 'QUAL0007', 1629.23, 0, 0, 0, 0, 0, 'VISEE', '2522A-2532A-2547A');
INSERT INTO RESSOURCEPARFABRICATIONCOMPLET
(ID, IDFABRICATION, IDPOSTEDEFAUT, IDRESSOURCE, MATRICULE, IDOF, ETAT, TEMPORAIRE, IDQUALIFICATION, IDCATEGORIE, IDPOSTE, IDPOSTELIB, IDQUALIFICATIONEFFECTIVE, TAUXHORAIRE, HS, MN, JF, HD, "IF", ETATLIB, IDRESSOURCELIB)
VALUES('RPFAB000203', 'FAB000972', 'PST001', 'PRSSOC27087007', '1529A-1747A-2036A', NULL, 11, NULL, 'QUAL0007', 'CP000001', 'PST001', 'Manoeuvre', 'QUAL0007', 1629.23, 0, 0, 0, 0, 0, 'VISEE', '1529A-1747A-2036A');
INSERT INTO RESSOURCEPARFABRICATIONCOMPLET
(ID, IDFABRICATION, IDPOSTEDEFAUT, IDRESSOURCE, MATRICULE, IDOF, ETAT, TEMPORAIRE, IDQUALIFICATION, IDCATEGORIE, IDPOSTE, IDPOSTELIB, IDQUALIFICATIONEFFECTIVE, TAUXHORAIRE, HS, MN, JF, HD, "IF", ETATLIB, IDRESSOURCELIB)
VALUES('RPFAB000175', 'FAB000972', 'EX000041', 'PRSSOC270808', '930T-951T', NULL, 11, NULL, 'QUAL0007', 'CP000001', 'PST001', 'Manoeuvre', 'QUAL0007', 1629.23, NULL, 0, 0, 0, 0, 'VISEE', '930T-951T');
INSERT INTO RESSOURCEPARFABRICATIONCOMPLET
(ID, IDFABRICATION, IDPOSTEDEFAUT, IDRESSOURCE, MATRICULE, IDOF, ETAT, TEMPORAIRE, IDQUALIFICATION, IDCATEGORIE, IDPOSTE, IDPOSTELIB, IDQUALIFICATIONEFFECTIVE, TAUXHORAIRE, HS, MN, JF, HD, "IF", ETATLIB, IDRESSOURCELIB)
VALUES('RPFAB000170', 'FAB000972', 'PST001', 'PRSSOC270803', '2282A-2746A-2747A', NULL, 11, NULL, 'QUAL0007', 'CP000001', 'PST001', 'Manoeuvre', 'QUAL0007', 1629.23, 0, 0, 0, 36, 0, 'VISEE', '2282A-2746A-2747A');
INSERT INTO RESSOURCEPARFABRICATIONCOMPLET
(ID, IDFABRICATION, IDPOSTEDEFAUT, IDRESSOURCE, MATRICULE, IDOF, ETAT, TEMPORAIRE, IDQUALIFICATION, IDCATEGORIE, IDPOSTE, IDPOSTELIB, IDQUALIFICATIONEFFECTIVE, TAUXHORAIRE, HS, MN, JF, HD, "IF", ETATLIB, IDRESSOURCELIB)
VALUES('RPFAB000172', 'FAB000972', 'EX000041', 'PRSSOC270805', '1151A-2222A-2442A', NULL, 11, NULL, 'QUAL0007', 'CP000001', 'PST001', 'Manoeuvre', 'QUAL0007', 1629.23, NULL, 0, 0, 0, 8, 'VISEE', '1151A-2222A-2442A');
INSERT INTO RESSOURCEPARFABRICATIONCOMPLET
(ID, IDFABRICATION, IDPOSTEDEFAUT, IDRESSOURCE, MATRICULE, IDOF, ETAT, TEMPORAIRE, IDQUALIFICATION, IDCATEGORIE, IDPOSTE, IDPOSTELIB, IDQUALIFICATIONEFFECTIVE, TAUXHORAIRE, HS, MN, JF, HD, "IF", ETATLIB, IDRESSOURCELIB)
VALUES('RPFAB000205', 'FAB000972', 'EX000041', 'PRSSOC27087009', '2406A-2456A-2461A', NULL, 11, NULL, 'QUAL0007', 'CP000001', 'PST001', 'Manoeuvre', 'QUAL0007', 1629.23, 0, 0, 0, 0, 0, 'VISEE', '2406A-2456A-2461A');
INSERT INTO RESSOURCEPARFABRICATIONCOMPLET
(ID, IDFABRICATION, IDPOSTEDEFAUT, IDRESSOURCE, MATRICULE, IDOF, ETAT, TEMPORAIRE, IDQUALIFICATION, IDCATEGORIE, IDPOSTE, IDPOSTELIB, IDQUALIFICATIONEFFECTIVE, TAUXHORAIRE, HS, MN, JF, HD, "IF", ETATLIB, IDRESSOURCELIB)
VALUES('RPFAB000208', 'FAB000972', 'EX000041', 'PRSSOC27087012', '2630A-2633A-2749A', NULL, 11, NULL, 'QUAL0007', 'CP000001', 'PST001', 'Manoeuvre', 'QUAL0007', 1629.23, 0, 0, 0, 0, 0, 'VISEE', '2630A-2633A-2749A');
INSERT INTO RESSOURCEPARFABRICATIONCOMPLET
(ID, IDFABRICATION, IDPOSTEDEFAUT, IDRESSOURCE, MATRICULE, IDOF, ETAT, TEMPORAIRE, IDQUALIFICATION, IDCATEGORIE, IDPOSTE, IDPOSTELIB, IDQUALIFICATIONEFFECTIVE, TAUXHORAIRE, HS, MN, JF, HD, "IF", ETATLIB, IDRESSOURCELIB)
VALUES('RPFAB000207', 'FAB000972', 'PST001', 'PRSSOC27087011', '2550A-2556A-2629A', NULL, 11, NULL, 'QUAL0007', 'CP000001', 'PST001', 'Manoeuvre', 'QUAL0007', 1629.23, 0, 0, 0, 0, 0, 'VISEE', '2550A-2556A-2629A');
INSERT INTO RESSOURCEPARFABRICATIONCOMPLET
(ID, IDFABRICATION, IDPOSTEDEFAUT, IDRESSOURCE, MATRICULE, IDOF, ETAT, TEMPORAIRE, IDQUALIFICATION, IDCATEGORIE, IDPOSTE, IDPOSTELIB, IDQUALIFICATIONEFFECTIVE, TAUXHORAIRE, HS, MN, JF, HD, "IF", ETATLIB, IDRESSOURCELIB)
VALUES('RPFAB000171', 'FAB000972', 'PST001', 'PRSSOC270804', '201A-719A-767A', NULL, 11, NULL, 'QUAL0007', 'CP000001', 'PST001', 'Manoeuvre', 'QUAL0007', 1629.23, 0, 0, 0, 0, 0, 'VISEE', '201A-719A-767A');
INSERT INTO RESSOURCEPARFABRICATIONCOMPLET
(ID, IDFABRICATION, IDPOSTEDEFAUT, IDRESSOURCE, MATRICULE, IDOF, ETAT, TEMPORAIRE, IDQUALIFICATION, IDCATEGORIE, IDPOSTE, IDPOSTELIB, IDQUALIFICATIONEFFECTIVE, TAUXHORAIRE, HS, MN, JF, HD, "IF", ETATLIB, IDRESSOURCELIB)
VALUES('RPFAB000173', 'FAB000972', 'EX000041', 'PRSSOC270806', '2608A-2609A-2649A', NULL, 11, NULL, 'QUAL0007', 'CP000001', 'PST001', 'Manoeuvre', 'QUAL0007', 1629.23, 0, 0, 0, 0, 0, 'VISEE', '2608A-2609A-2649A');
INSERT INTO RESSOURCEPARFABRICATIONCOMPLET
(ID, IDFABRICATION, IDPOSTEDEFAUT, IDRESSOURCE, MATRICULE, IDOF, ETAT, TEMPORAIRE, IDQUALIFICATION, IDCATEGORIE, IDPOSTE, IDPOSTELIB, IDQUALIFICATIONEFFECTIVE, TAUXHORAIRE, HS, MN, JF, HD, "IF", ETATLIB, IDRESSOURCELIB)
VALUES('RPFAB000174', 'FAB000972', 'PST001', 'PRSSOC270807', '2741A-2742A', NULL, 11, NULL, 'QUAL0007', 'CP000001', 'PST001', 'Manoeuvre', 'QUAL0007', 1629.23, 0, 0, 0, 0, 0, 'VISEE', '2741A-2742A');
INSERT INTO RESSOURCEPARFABRICATIONCOMPLET
(ID, IDFABRICATION, IDPOSTEDEFAUT, IDRESSOURCE, MATRICULE, IDOF, ETAT, TEMPORAIRE, IDQUALIFICATION, IDCATEGORIE, IDPOSTE, IDPOSTELIB, IDQUALIFICATIONEFFECTIVE, TAUXHORAIRE, HS, MN, JF, HD, "IF", ETATLIB, IDRESSOURCELIB)
VALUES('RPFAB000204', 'FAB000972', 'PST001', 'PRSSOC27087008', '2191A-2355A-2388A', NULL, 11, NULL, 'QUAL0007', 'CP000001', 'PST001', 'Manoeuvre', 'QUAL0007', 1629.23, 0, 0, 0, 0, 0, 'VISEE', '2191A-2355A-2388A');
INSERT INTO RESSOURCEPARFABRICATIONCOMPLET
(ID, IDFABRICATION, IDPOSTEDEFAUT, IDRESSOURCE, MATRICULE, IDOF, ETAT, TEMPORAIRE, IDQUALIFICATION, IDCATEGORIE, IDPOSTE, IDPOSTELIB, IDQUALIFICATIONEFFECTIVE, TAUXHORAIRE, HS, MN, JF, HD, "IF", ETATLIB, IDRESSOURCELIB)
VALUES('RPFAB000209', 'FAB000972', 'EX000041', 'PRSSOC270870130', '2752A-2753A-2756A', NULL, 11, NULL, 'QUAL0007', 'CP000001', 'PST001', 'Manoeuvre', 'QUAL0007', 1629.23, 0, 0, 0, 0, 0, 'VISEE', '2752A-2753A-2756A');
INSERT INTO RESSOURCEPARFABRICATIONCOMPLET
(ID, IDFABRICATION, IDPOSTEDEFAUT, IDRESSOURCE, MATRICULE, IDOF, ETAT, TEMPORAIRE, IDQUALIFICATION, IDCATEGORIE, IDPOSTE, IDPOSTELIB, IDQUALIFICATIONEFFECTIVE, TAUXHORAIRE, HS, MN, JF, HD, "IF", ETATLIB, IDRESSOURCELIB)
VALUES('RPFAB000169', 'FAB000972', 'EX000041', 'PRSSOC270802', '1443A-1921A-2034A', NULL, 11, NULL, 'QUAL0007', 'CP000001', 'PST001', 'Manoeuvre', 'QUAL0007', 1629.23, 0, 0, 0, 36, 0, 'VISEE', '1443A-1921A-2034A');
INSERT INTO RESSOURCEPARFABRICATIONCOMPLET
(ID, IDFABRICATION, IDPOSTEDEFAUT, IDRESSOURCE, MATRICULE, IDOF, ETAT, TEMPORAIRE, IDQUALIFICATION, IDCATEGORIE, IDPOSTE, IDPOSTELIB, IDQUALIFICATIONEFFECTIVE, TAUXHORAIRE, HS, MN, JF, HD, "IF", ETATLIB, IDRESSOURCELIB)
VALUES('RPFAB000180', 'FAB000972', 'PST001', 'PRSRT000063', '1084', NULL, 11, NULL, 'QUAL0031', 'CP000001', 'PST001', 'Manoeuvre', 'QUAL0031', 1629.23, 8, 0, 0, 0, 0, 'VISEE', '1084');
INSERT INTO RESSOURCEPARFABRICATIONCOMPLET
(ID, IDFABRICATION, IDPOSTEDEFAUT, IDRESSOURCE, MATRICULE, IDOF, ETAT, TEMPORAIRE, IDQUALIFICATION, IDCATEGORIE, IDPOSTE, IDPOSTELIB, IDQUALIFICATIONEFFECTIVE, TAUXHORAIRE, HS, MN, JF, HD, "IF", ETATLIB, IDRESSOURCELIB)
VALUES('RPFAB000210', 'FAB000972', 'PST001', 'PRSSOC270870140', '2764A-2766A-2769A', NULL, 11, NULL, 'QUAL0007', 'CP000001', 'PST001', 'Manoeuvre', 'QUAL0007', 1629.23, 0, 0, 0, 0, 0, 'VISEE', '2764A-2766A-2769A');
INSERT INTO RESSOURCEPARFABRICATIONCOMPLET
(ID, IDFABRICATION, IDPOSTEDEFAUT, IDRESSOURCE, MATRICULE, IDOF, ETAT, TEMPORAIRE, IDQUALIFICATION, IDCATEGORIE, IDPOSTE, IDPOSTELIB, IDQUALIFICATIONEFFECTIVE, TAUXHORAIRE, HS, MN, JF, HD, "IF", ETATLIB, IDRESSOURCELIB)
VALUES('RPFAB000192', 'FAB000972', 'PST001', 'PRSRT000085', '945', NULL, 11, NULL, 'QUAL0029', 'CP000002', 'EX000041', 'Machiniste', 'QUAL0029', 1744.04, 0, 0, 0, 0, 0, 'VISEE', '945');
INSERT INTO RESSOURCEPARFABRICATIONCOMPLET
(ID, IDFABRICATION, IDPOSTEDEFAUT, IDRESSOURCE, MATRICULE, IDOF, ETAT, TEMPORAIRE, IDQUALIFICATION, IDCATEGORIE, IDPOSTE, IDPOSTELIB, IDQUALIFICATIONEFFECTIVE, TAUXHORAIRE, HS, MN, JF, HD, "IF", ETATLIB, IDRESSOURCELIB)
VALUES('RPFAB000191', 'FAB000972', 'EX000041', 'PRSRT000082', '865', NULL, 11, NULL, 'QUAL0029', 'CP000002', 'EX000041', 'Machiniste', 'QUAL0029', 1744.04, 0, 0, 0, 0, 0, 'VISEE', '865');
INSERT INTO RESSOURCEPARFABRICATIONCOMPLET
(ID, IDFABRICATION, IDPOSTEDEFAUT, IDRESSOURCE, MATRICULE, IDOF, ETAT, TEMPORAIRE, IDQUALIFICATION, IDCATEGORIE, IDPOSTE, IDPOSTELIB, IDQUALIFICATIONEFFECTIVE, TAUXHORAIRE, HS, MN, JF, HD, "IF", ETATLIB, IDRESSOURCELIB)
VALUES('RPFAB000165', 'FAB000972', 'EX000041', 'PRSRT000038', '1052', NULL, 11, NULL, 'QUAL0033', 'CP000002', 'EX000041', 'Machiniste', 'QUAL0033', 1744.04, 8, 0, 0, 0, 0, 'VISEE', '1052');
INSERT INTO RESSOURCEPARFABRICATIONCOMPLET
(ID, IDFABRICATION, IDPOSTEDEFAUT, IDRESSOURCE, MATRICULE, IDOF, ETAT, TEMPORAIRE, IDQUALIFICATION, IDCATEGORIE, IDPOSTE, IDPOSTELIB, IDQUALIFICATIONEFFECTIVE, TAUXHORAIRE, HS, MN, JF, HD, "IF", ETATLIB, IDRESSOURCELIB)
VALUES('RPFAB000201', 'FAB000972', 'PST001', 'PRSSOC27087006', '370A-1275A-1525A', NULL, 11, NULL, 'QUAL0007', 'CP000002', 'EX000041', 'Machiniste', 'QUAL0007', 1744.04, 0, 0, 0, 0, 0, 'VISEE', '370A-1275A-1525A');
INSERT INTO RESSOURCEPARFABRICATIONCOMPLET
(ID, IDFABRICATION, IDPOSTEDEFAUT, IDRESSOURCE, MATRICULE, IDOF, ETAT, TEMPORAIRE, IDQUALIFICATION, IDCATEGORIE, IDPOSTE, IDPOSTELIB, IDQUALIFICATIONEFFECTIVE, TAUXHORAIRE, HS, MN, JF, HD, "IF", ETATLIB, IDRESSOURCELIB)
VALUES('RPFAB000164', 'FAB000972', 'PST001', 'PRSRT000037', '1047', NULL, 11, NULL, 'QUAL0033', 'CP000002', 'EX000041', 'Machiniste', 'QUAL0033', 1744.04, 8, 0, 0, 0, 0, 'VISEE', '1047');
INSERT INTO RESSOURCEPARFABRICATIONCOMPLET
(ID, IDFABRICATION, IDPOSTEDEFAUT, IDRESSOURCE, MATRICULE, IDOF, ETAT, TEMPORAIRE, IDQUALIFICATION, IDCATEGORIE, IDPOSTE, IDPOSTELIB, IDQUALIFICATIONEFFECTIVE, TAUXHORAIRE, HS, MN, JF, HD, "IF", ETATLIB, IDRESSOURCELIB)
VALUES('RPFAB000163', 'FAB000972', 'EX000041', 'PRSRT000036', '1042', NULL, 11, NULL, 'QUAL0033', 'CP000002', 'EX000041', 'Machiniste', 'QUAL0033', 1744.04, 8, 0, 0, 0, 0, 'VISEE', '1042');
INSERT INTO RESSOURCEPARFABRICATIONCOMPLET
(ID, IDFABRICATION, IDPOSTEDEFAUT, IDRESSOURCE, MATRICULE, IDOF, ETAT, TEMPORAIRE, IDQUALIFICATION, IDCATEGORIE, IDPOSTE, IDPOSTELIB, IDQUALIFICATIONEFFECTIVE, TAUXHORAIRE, HS, MN, JF, HD, "IF", ETATLIB, IDRESSOURCELIB)
VALUES('RPFAB000186', 'FAB000972', 'EX000041', 'PRSSOC270870', '2405A-2523A-63T', NULL, 11, NULL, 'QUAL0007', 'CP000001', 'EX000041', 'Machiniste', 'QUAL0007', 2596.15, 0, 0, 0, 0, 0, 'VISEE', '2405A-2523A-63T');
INSERT INTO RESSOURCEPARFABRICATIONCOMPLET
(ID, IDFABRICATION, IDPOSTEDEFAUT, IDRESSOURCE, MATRICULE, IDOF, ETAT, TEMPORAIRE, IDQUALIFICATION, IDCATEGORIE, IDPOSTE, IDPOSTELIB, IDQUALIFICATIONEFFECTIVE, TAUXHORAIRE, HS, MN, JF, HD, "IF", ETATLIB, IDRESSOURCELIB)
VALUES('RPFAB000182', 'FAB000972', 'PST001', 'PRSSOC27087015', '37A-595A-643A', NULL, 11, NULL, 'QUAL0007', 'CP000001', 'EX000041', 'Machiniste', 'QUAL0007', 2596.15, 0, 0, 0, 0, 0, 'VISEE', '37A-595A-643A');
INSERT INTO RESSOURCEPARFABRICATIONCOMPLET
(ID, IDFABRICATION, IDPOSTEDEFAUT, IDRESSOURCE, MATRICULE, IDOF, ETAT, TEMPORAIRE, IDQUALIFICATION, IDCATEGORIE, IDPOSTE, IDPOSTELIB, IDQUALIFICATIONEFFECTIVE, TAUXHORAIRE, HS, MN, JF, HD, "IF", ETATLIB, IDRESSOURCELIB)
VALUES('RPFAB000185', 'FAB000972', 'PST001', 'PRSSOC2708701', '2269A-2364A-2404A', NULL, 11, NULL, 'QUAL0007', 'CP000001', 'EX000041', 'Machiniste', 'QUAL0007', 2596.15, 0, 0, 0, 0, 0, 'VISEE', '2269A-2364A-2404A');
INSERT INTO RESSOURCEPARFABRICATIONCOMPLET
(ID, IDFABRICATION, IDPOSTEDEFAUT, IDRESSOURCE, MATRICULE, IDOF, ETAT, TEMPORAIRE, IDQUALIFICATION, IDCATEGORIE, IDPOSTE, IDPOSTELIB, IDQUALIFICATIONEFFECTIVE, TAUXHORAIRE, HS, MN, JF, HD, "IF", ETATLIB, IDRESSOURCELIB)
VALUES('RPFAB000187', 'FAB000972', 'EX000041', 'PRSSOC27087014', '64T-104T-912T', NULL, 11, NULL, 'QUAL0007', 'CP000001', 'EX000041', 'Machiniste', 'QUAL0007', 2596.15, NULL, 0, 0, 0, 0, 'VISEE', '64T-104T-912T');
INSERT INTO RESSOURCEPARFABRICATIONCOMPLET
(ID, IDFABRICATION, IDPOSTEDEFAUT, IDRESSOURCE, MATRICULE, IDOF, ETAT, TEMPORAIRE, IDQUALIFICATION, IDCATEGORIE, IDPOSTE, IDPOSTELIB, IDQUALIFICATIONEFFECTIVE, TAUXHORAIRE, HS, MN, JF, HD, "IF", ETATLIB, IDRESSOURCELIB)
VALUES('RPFAB000183', 'FAB000972', 'EX000041', 'PRSSOC27087016', '674A-1909A-1921A', NULL, 11, NULL, 'QUAL0007', 'CP000001', 'EX000041', 'Machiniste', 'QUAL0007', 2596.15, 0, 0, 0, 0, 0, 'VISEE', '674A-1909A-1921A');
INSERT INTO RESSOURCEPARFABRICATIONCOMPLET
(ID, IDFABRICATION, IDPOSTEDEFAUT, IDRESSOURCE, MATRICULE, IDOF, ETAT, TEMPORAIRE, IDQUALIFICATION, IDCATEGORIE, IDPOSTE, IDPOSTELIB, IDQUALIFICATIONEFFECTIVE, TAUXHORAIRE, HS, MN, JF, HD, "IF", ETATLIB, IDRESSOURCELIB)
VALUES('RPFAB000184', 'FAB000972', 'PST001', 'PRSSOC27087013', '2068A-2179A-2259A', NULL, 11, NULL, 'QUAL0031', 'CP000001', 'EX000041', 'Machiniste', 'QUAL0031', 2596.15, 0, 0, 0, 0, 0, 'VISEE', '2068A-2179A-2259A');
INSERT INTO RESSOURCEPARFABRICATIONCOMPLET
(ID, IDFABRICATION, IDPOSTEDEFAUT, IDRESSOURCE, MATRICULE, IDOF, ETAT, TEMPORAIRE, IDQUALIFICATION, IDCATEGORIE, IDPOSTE, IDPOSTELIB, IDQUALIFICATIONEFFECTIVE, TAUXHORAIRE, HS, MN, JF, HD, "IF", ETATLIB, IDRESSOURCELIB)
VALUES('RPFAB000200', 'FAB000972', 'EX000041', 'PRSSOC27087005', '2765A-2770A', NULL, 11, NULL, 'QUAL0007', 'CP000001', 'EX000041', 'Machiniste', 'QUAL0007', 1783.27, 0, 0, 0, 0, 0, 'VISEE', '2765A-2770A');
INSERT INTO RESSOURCEPARFABRICATIONCOMPLET
(ID, IDFABRICATION, IDPOSTEDEFAUT, IDRESSOURCE, MATRICULE, IDOF, ETAT, TEMPORAIRE, IDQUALIFICATION, IDCATEGORIE, IDPOSTE, IDPOSTELIB, IDQUALIFICATIONEFFECTIVE, TAUXHORAIRE, HS, MN, JF, HD, "IF", ETATLIB, IDRESSOURCELIB)
VALUES('RPFAB000196', 'FAB000972', 'PST001', 'PRSSOC27087001', '694A-1747A-2355A', NULL, 11, NULL, 'QUAL0007', 'CP000001', 'EX000041', 'Machiniste', 'QUAL0007', 1783.27, 0, 0, 0, 0, 0, 'VISEE', '694A-1747A-2355A');
INSERT INTO RESSOURCEPARFABRICATIONCOMPLET
(ID, IDFABRICATION, IDPOSTEDEFAUT, IDRESSOURCE, MATRICULE, IDOF, ETAT, TEMPORAIRE, IDQUALIFICATION, IDCATEGORIE, IDPOSTE, IDPOSTELIB, IDQUALIFICATIONEFFECTIVE, TAUXHORAIRE, HS, MN, JF, HD, "IF", ETATLIB, IDRESSOURCELIB)
VALUES('RPFAB000198', 'FAB000972', 'EX000041', 'PRSSOC27087003', '2749A-2191A-2751A', NULL, 11, NULL, 'QUAL0007', 'CP000001', 'EX000041', 'Machiniste', 'QUAL0007', 1783.27, 0, 0, 0, 0, 0, 'VISEE', '2749A-2191A-2751A');
INSERT INTO RESSOURCEPARFABRICATIONCOMPLET
(ID, IDFABRICATION, IDPOSTEDEFAUT, IDRESSOURCE, MATRICULE, IDOF, ETAT, TEMPORAIRE, IDQUALIFICATION, IDCATEGORIE, IDPOSTE, IDPOSTELIB, IDQUALIFICATIONEFFECTIVE, TAUXHORAIRE, HS, MN, JF, HD, "IF", ETATLIB, IDRESSOURCELIB)
VALUES('RPFAB000199', 'FAB000972', 'PST001', 'PRSSOC27087004', '2752A-2522A-2757A', NULL, 11, NULL, 'QUAL0007', 'CP000001', 'EX000041', 'Machiniste', 'QUAL0007', 1783.27, 0, 0, 0, 0, 0, 'VISEE', '2752A-2522A-2757A');
INSERT INTO RESSOURCEPARFABRICATIONCOMPLET
(ID, IDFABRICATION, IDPOSTEDEFAUT, IDRESSOURCE, MATRICULE, IDOF, ETAT, TEMPORAIRE, IDQUALIFICATION, IDCATEGORIE, IDPOSTE, IDPOSTELIB, IDQUALIFICATIONEFFECTIVE, TAUXHORAIRE, HS, MN, JF, HD, "IF", ETATLIB, IDRESSOURCELIB)
VALUES('RPFAB000197', 'FAB000972', 'EX000041', 'PRSSOC27087002', '2456A-2532A-2629A', NULL, 11, NULL, 'QUAL0007', 'CP000001', 'EX000041', 'Machiniste', 'QUAL0007', 1783.27, 0, 0, 0, 0, 0, 'VISEE', '2456A-2532A-2629A');
INSERT INTO RESSOURCEPARFABRICATIONCOMPLET
(ID, IDFABRICATION, IDPOSTEDEFAUT, IDRESSOURCE, MATRICULE, IDOF, ETAT, TEMPORAIRE, IDQUALIFICATION, IDCATEGORIE, IDPOSTE, IDPOSTELIB, IDQUALIFICATIONEFFECTIVE, TAUXHORAIRE, HS, MN, JF, HD, "IF", ETATLIB, IDRESSOURCELIB)
VALUES('RPFAB000202', 'FAB000972', 'EX000041', 'PRSSOC27087007', '1529A-1747A-2036A', NULL, 11, NULL, 'QUAL0007', 'CP000001', 'EX000041', 'Machiniste', 'QUAL0007', 1783.27, 0, 0, 0, 0, 0, 'VISEE', '1529A-1747A-2036A');
INSERT INTO RESSOURCEPARFABRICATIONCOMPLET
(ID, IDFABRICATION, IDPOSTEDEFAUT, IDRESSOURCE, MATRICULE, IDOF, ETAT, TEMPORAIRE, IDQUALIFICATION, IDCATEGORIE, IDPOSTE, IDPOSTELIB, IDQUALIFICATIONEFFECTIVE, TAUXHORAIRE, HS, MN, JF, HD, "IF", ETATLIB, IDRESSOURCELIB)
VALUES('RPFAB000181', 'FAB000972', 'PST001', 'PRSSOC270809', '760', NULL, 11, NULL, 'QUAL0024', 'CP000002', 'EX000041', 'Machiniste', 'QUAL0024', 2363.08, 0, 0, 0, 0, 0, 'VISEE', '760');
INSERT INTO RESSOURCEPARFABRICATIONCOMPLET
(ID, IDFABRICATION, IDPOSTEDEFAUT, IDRESSOURCE, MATRICULE, IDOF, ETAT, TEMPORAIRE, IDQUALIFICATION, IDCATEGORIE, IDPOSTE, IDPOSTELIB, IDQUALIFICATIONEFFECTIVE, TAUXHORAIRE, HS, MN, JF, HD, "IF", ETATLIB, IDRESSOURCELIB)
VALUES('RPFAB000150', 'FAB000972', 'PST001', 'PRSRT000011', '762', NULL, 11, NULL, 'QUAL0023', 'CP000002', 'EX000041', 'Machiniste', 'QUAL0023', 2312.88, 13, 0, 0, 0, 0, 'VISEE', '762');
INSERT INTO RESSOURCEPARFABRICATIONCOMPLET
(ID, IDFABRICATION, IDPOSTEDEFAUT, IDRESSOURCE, MATRICULE, IDOF, ETAT, TEMPORAIRE, IDQUALIFICATION, IDCATEGORIE, IDPOSTE, IDPOSTELIB, IDQUALIFICATIONEFFECTIVE, TAUXHORAIRE, HS, MN, JF, HD, "IF", ETATLIB, IDRESSOURCELIB)
VALUES('RPFAB000158', 'FAB000972', 'PST001', 'PRSRT000025', '926', NULL, 11, NULL, 'QUAL0023', 'CP000002', 'EX000041', 'Machiniste', 'QUAL0023', 2312.88, 8, 0, 0, 0, 0, 'VISEE', '926');
INSERT INTO RESSOURCEPARFABRICATIONCOMPLET
(ID, IDFABRICATION, IDPOSTEDEFAUT, IDRESSOURCE, MATRICULE, IDOF, ETAT, TEMPORAIRE, IDQUALIFICATION, IDCATEGORIE, IDPOSTE, IDPOSTELIB, IDQUALIFICATIONEFFECTIVE, TAUXHORAIRE, HS, MN, JF, HD, "IF", ETATLIB, IDRESSOURCELIB)
VALUES('RPFAB000157', 'FAB000972', 'PST001', 'PRS0000350', '920', NULL, 11, 0, 'QUAL0002', 'CP000002', 'EX000041', 'Machiniste', 'QUAL0002', 1916.54, 8, 0, 0, 0, 0, 'VISEE', '920');
INSERT INTO RESSOURCEPARFABRICATIONCOMPLET
(ID, IDFABRICATION, IDPOSTEDEFAUT, IDRESSOURCE, MATRICULE, IDOF, ETAT, TEMPORAIRE, IDQUALIFICATION, IDCATEGORIE, IDPOSTE, IDPOSTELIB, IDQUALIFICATIONEFFECTIVE, TAUXHORAIRE, HS, MN, JF, HD, "IF", ETATLIB, IDRESSOURCELIB)
VALUES('RPFAB000153', 'FAB000972', 'PST001', 'PRS0000343', '806', NULL, 11, 0, 'QUAL0002', 'CP000002', 'EX000041', 'Machiniste', 'QUAL0002', 1916.54, 4, 0, 0, 0, 0, 'VISEE', '806');
INSERT INTO RESSOURCEPARFABRICATIONCOMPLET
(ID, IDFABRICATION, IDPOSTEDEFAUT, IDRESSOURCE, MATRICULE, IDOF, ETAT, TEMPORAIRE, IDQUALIFICATION, IDCATEGORIE, IDPOSTE, IDPOSTELIB, IDQUALIFICATIONEFFECTIVE, TAUXHORAIRE, HS, MN, JF, HD, "IF", ETATLIB, IDRESSOURCELIB)
VALUES('RPFAB000168', 'FAB000972', 'PST001', 'PRSRT000041', '785', NULL, 11, 1, 'QUAL0001', 'CP000002', 'EX000041', 'Machiniste', 'QUAL0001', 1916.54, 8, 0, 0, 0, 0, 'VISEE', '785');
INSERT INTO RESSOURCEPARFABRICATIONCOMPLET
(ID, IDFABRICATION, IDPOSTEDEFAUT, IDRESSOURCE, MATRICULE, IDOF, ETAT, TEMPORAIRE, IDQUALIFICATION, IDCATEGORIE, IDPOSTE, IDPOSTELIB, IDQUALIFICATIONEFFECTIVE, TAUXHORAIRE, HS, MN, JF, HD, "IF", ETATLIB, IDRESSOURCELIB)
VALUES('RPFAB000167', 'FAB000972', 'PST001', 'PRSRT000040', '1082', NULL, 11, 1, 'QUAL0036', 'CP000002', 'EX000041', 'Machiniste', 'QUAL0036', 1916.54, 12, 0, 0, 0, 0, 'VISEE', '1082');
INSERT INTO RESSOURCEPARFABRICATIONCOMPLET
(ID, IDFABRICATION, IDPOSTEDEFAUT, IDRESSOURCE, MATRICULE, IDOF, ETAT, TEMPORAIRE, IDQUALIFICATION, IDCATEGORIE, IDPOSTE, IDPOSTELIB, IDQUALIFICATIONEFFECTIVE, TAUXHORAIRE, HS, MN, JF, HD, "IF", ETATLIB, IDRESSOURCELIB)
VALUES('RPFAB000154', 'FAB000972', 'EX000041', 'PRS0000344', '850', NULL, 11, 0, 'QUAL0002', 'CP000002', 'EX000041', 'Machiniste', 'QUAL0002', 1821.35, 8, 0, 0, 0, 0, 'VISEE', '850');
INSERT INTO RESSOURCEPARFABRICATIONCOMPLET
(ID, IDFABRICATION, IDPOSTEDEFAUT, IDRESSOURCE, MATRICULE, IDOF, ETAT, TEMPORAIRE, IDQUALIFICATION, IDCATEGORIE, IDPOSTE, IDPOSTELIB, IDQUALIFICATIONEFFECTIVE, TAUXHORAIRE, HS, MN, JF, HD, "IF", ETATLIB, IDRESSOURCELIB)
VALUES('RPFAB000159', 'FAB000972', 'EX000041', 'PRSRT000029', '944', NULL, 11, NULL, 'QUAL0012', 'CP000002', 'EX000041', 'Machiniste', 'QUAL0012', 1812.69, 0, 0, 0, 12, 0, 'VISEE', '944');
INSERT INTO RESSOURCEPARFABRICATIONCOMPLET
(ID, IDFABRICATION, IDPOSTEDEFAUT, IDRESSOURCE, MATRICULE, IDOF, ETAT, TEMPORAIRE, IDQUALIFICATION, IDCATEGORIE, IDPOSTE, IDPOSTELIB, IDQUALIFICATIONEFFECTIVE, TAUXHORAIRE, HS, MN, JF, HD, "IF", ETATLIB, IDRESSOURCELIB)
VALUES('RPFAB000155', 'FAB000972', 'PST001', 'PRS0000345', '852', NULL, 11, 0, 'QUAL0002', 'CP000002', 'EX000041', 'Machiniste', 'QUAL0002', 1795.38, 0, 0, 0, 12, 0, 'VISEE', '852');
INSERT INTO RESSOURCEPARFABRICATIONCOMPLET
(ID, IDFABRICATION, IDPOSTEDEFAUT, IDRESSOURCE, MATRICULE, IDOF, ETAT, TEMPORAIRE, IDQUALIFICATION, IDCATEGORIE, IDPOSTE, IDPOSTELIB, IDQUALIFICATIONEFFECTIVE, TAUXHORAIRE, HS, MN, JF, HD, "IF", ETATLIB, IDRESSOURCELIB)
VALUES('RPFAB000189', 'FAB000972', 'EX000041', 'PRSRT000079', '800', NULL, 11, NULL, 'QUAL0011', 'CP000002', 'EX000041', 'Machiniste', 'QUAL0011', 1795.38, 0, 0, 0, 0, 0, 'VISEE', '800');
INSERT INTO RESSOURCEPARFABRICATIONCOMPLET
(ID, IDFABRICATION, IDPOSTEDEFAUT, IDRESSOURCE, MATRICULE, IDOF, ETAT, TEMPORAIRE, IDQUALIFICATION, IDCATEGORIE, IDPOSTE, IDPOSTELIB, IDQUALIFICATIONEFFECTIVE, TAUXHORAIRE, HS, MN, JF, HD, "IF", ETATLIB, IDRESSOURCELIB)
VALUES('RPFAB000188', 'FAB000972', 'PST001', 'PRSRT000078', '799', NULL, 11, NULL, 'QUAL0011', 'CP000002', 'EX000041', 'Machiniste', 'QUAL0011', 1795.38, 0, 0, 0, 0, 0, 'VISEE', '799');
INSERT INTO RESSOURCEPARFABRICATIONCOMPLET
(ID, IDFABRICATION, IDPOSTEDEFAUT, IDRESSOURCE, MATRICULE, IDOF, ETAT, TEMPORAIRE, IDQUALIFICATION, IDCATEGORIE, IDPOSTE, IDPOSTELIB, IDQUALIFICATIONEFFECTIVE, TAUXHORAIRE, HS, MN, JF, HD, "IF", ETATLIB, IDRESSOURCELIB)
VALUES('RPFAB000151', 'FAB000972', 'EX000041', 'PRSRT000014', '801', NULL, 11, NULL, 'QUAL0010', 'CP000002', 'EX000041', 'Machiniste', 'QUAL0010', 1786.73, 0, 0, 0, 12, 0, 'VISEE', '801');
INSERT INTO RESSOURCEPARFABRICATIONCOMPLET
(ID, IDFABRICATION, IDPOSTEDEFAUT, IDRESSOURCE, MATRICULE, IDOF, ETAT, TEMPORAIRE, IDQUALIFICATION, IDCATEGORIE, IDPOSTE, IDPOSTELIB, IDQUALIFICATIONEFFECTIVE, TAUXHORAIRE, HS, MN, JF, HD, "IF", ETATLIB, IDRESSOURCELIB)
VALUES('RPFAB000190', 'FAB000972', 'PST001', 'PRSRT000080', '829', NULL, 11, NULL, 'QUAL0003', 'CP000002', 'EX000041', 'Machiniste', 'QUAL0003', 1760.77, 0, 0, 0, 0, 0, 'VISEE', '829');
INSERT INTO RESSOURCEPARFABRICATIONCOMPLET
(ID, IDFABRICATION, IDPOSTEDEFAUT, IDRESSOURCE, MATRICULE, IDOF, ETAT, TEMPORAIRE, IDQUALIFICATION, IDCATEGORIE, IDPOSTE, IDPOSTELIB, IDQUALIFICATIONEFFECTIVE, TAUXHORAIRE, HS, MN, JF, HD, "IF", ETATLIB, IDRESSOURCELIB)
VALUES('RPFAB000152', 'FAB000972', 'EX000041', 'PRSRT000015', '802', NULL, 11, NULL, 'QUAL0003', 'CP000002', 'EX000041', 'Machiniste', 'QUAL0003', 1760.77, 0, 0, 0, 12, 0, 'VISEE', '802');
INSERT INTO RESSOURCEPARFABRICATIONCOMPLET
(ID, IDFABRICATION, IDPOSTEDEFAUT, IDRESSOURCE, MATRICULE, IDOF, ETAT, TEMPORAIRE, IDQUALIFICATION, IDCATEGORIE, IDPOSTE, IDPOSTELIB, IDQUALIFICATIONEFFECTIVE, TAUXHORAIRE, HS, MN, JF, HD, "IF", ETATLIB, IDRESSOURCELIB)
VALUES('RPFAB000161', 'FAB000972', 'PST001', 'PRSRT000033', '998', NULL, 11, NULL, 'QUAL0003', 'CP000002', 'EX000041', 'Machiniste', 'QUAL0003', 1760.77, 12, 0, 0, 0, 12, 'VISEE', '998');
INSERT INTO RESSOURCEPARFABRICATIONCOMPLET
(ID, IDFABRICATION, IDPOSTEDEFAUT, IDRESSOURCE, MATRICULE, IDOF, ETAT, TEMPORAIRE, IDQUALIFICATION, IDCATEGORIE, IDPOSTE, IDPOSTELIB, IDQUALIFICATIONEFFECTIVE, TAUXHORAIRE, HS, MN, JF, HD, "IF", ETATLIB, IDRESSOURCELIB)
VALUES('RPFAB000149', 'FAB000972', 'PST001', 'PRS0000336', '757', NULL, 11, 0, 'QUAL0002', 'CP000002', 'EX000041', 'Machiniste', 'QUAL0002', 1760.77, 0, 0, 0, 12, 0, 'VISEE', '757');
INSERT INTO RESSOURCEPARFABRICATIONCOMPLET
(ID, IDFABRICATION, IDPOSTEDEFAUT, IDRESSOURCE, MATRICULE, IDOF, ETAT, TEMPORAIRE, IDQUALIFICATION, IDCATEGORIE, IDPOSTE, IDPOSTELIB, IDQUALIFICATIONEFFECTIVE, TAUXHORAIRE, HS, MN, JF, HD, "IF", ETATLIB, IDRESSOURCELIB)
VALUES('RPFAB000178', 'FAB000972', 'EX000041', 'PRSRT000058', '1002', NULL, 11, NULL, 'QUAL0001', 'CP000002', 'EX000041', 'Machiniste', 'QUAL0001', 1744.04, 0, 0, 0, 12, 0, 'VISEE', '1002');
INSERT INTO RESSOURCEPARFABRICATIONCOMPLET
(ID, IDFABRICATION, IDPOSTEDEFAUT, IDRESSOURCE, MATRICULE, IDOF, ETAT, TEMPORAIRE, IDQUALIFICATION, IDCATEGORIE, IDPOSTE, IDPOSTELIB, IDQUALIFICATIONEFFECTIVE, TAUXHORAIRE, HS, MN, JF, HD, "IF", ETATLIB, IDRESSOURCELIB)
VALUES('RPFAB000194', 'FAB000972', 'EX000041', 'PRSRT000087', '1034', NULL, 11, NULL, 'QUAL0033', 'CP000002', 'EX000041', 'Machiniste', 'QUAL0033', 1744.04, 0, 0, 0, 0, 0, 'VISEE', '1034');
INSERT INTO RESSOURCEPARFABRICATIONCOMPLET
(ID, IDFABRICATION, IDPOSTEDEFAUT, IDRESSOURCE, MATRICULE, IDOF, ETAT, TEMPORAIRE, IDQUALIFICATION, IDCATEGORIE, IDPOSTE, IDPOSTELIB, IDQUALIFICATIONEFFECTIVE, TAUXHORAIRE, HS, MN, JF, HD, "IF", ETATLIB, IDRESSOURCELIB)
VALUES('RPFAB000162', 'FAB000972', 'EX000041', 'PRSRT000035', '1019', NULL, 11, NULL, 'QUAL0001', 'CP000002', 'EX000041', 'Machiniste', 'QUAL0001', 1744.04, 8, 0, 0, 0, 0, 'VISEE', '1019');
INSERT INTO RESSOURCEPARFABRICATIONCOMPLET
(ID, IDFABRICATION, IDPOSTEDEFAUT, IDRESSOURCE, MATRICULE, IDOF, ETAT, TEMPORAIRE, IDQUALIFICATION, IDCATEGORIE, IDPOSTE, IDPOSTELIB, IDQUALIFICATIONEFFECTIVE, TAUXHORAIRE, HS, MN, JF, HD, "IF", ETATLIB, IDRESSOURCELIB)
VALUES('RPFAB000193', 'FAB000972', 'PST001', 'PRSRT000086', '1018', NULL, 11, NULL, 'QUAL0001', 'CP000002', 'EX000041', 'Machiniste', 'QUAL0001', 1744.04, 0, 0, 0, 0, 0, 'VISEE', '1018');
INSERT INTO RESSOURCEPARFABRICATIONCOMPLET
(ID, IDFABRICATION, IDPOSTEDEFAUT, IDRESSOURCE, MATRICULE, IDOF, ETAT, TEMPORAIRE, IDQUALIFICATION, IDCATEGORIE, IDPOSTE, IDPOSTELIB, IDQUALIFICATIONEFFECTIVE, TAUXHORAIRE, HS, MN, JF, HD, "IF", ETATLIB, IDRESSOURCELIB)
VALUES('RPFAB000179', 'FAB000972', 'PST001', 'PRSRT000062', '1058', NULL, 11, NULL, 'QUAL0031', 'CP000002', 'EX000041', 'Machiniste', 'QUAL0031', 1744.04, 8, 0, 0, 0, 0, 'VISEE', '1058');
INSERT INTO RESSOURCEPARFABRICATIONCOMPLET
(ID, IDFABRICATION, IDPOSTEDEFAUT, IDRESSOURCE, MATRICULE, IDOF, ETAT, TEMPORAIRE, IDQUALIFICATION, IDCATEGORIE, IDPOSTE, IDPOSTELIB, IDQUALIFICATIONEFFECTIVE, TAUXHORAIRE, HS, MN, JF, HD, "IF", ETATLIB, IDRESSOURCELIB)
VALUES('RPFAB000156', 'FAB000972', 'EX000041', 'PRS0000349', '919', NULL, 11, 0, 'QUAL0002', 'CP000002', 'EX000041', 'Machiniste', 'QUAL0002', 1744.04, 8, 0, 0, 0, 0, 'VISEE', '919');
INSERT INTO RESSOURCEPARFABRICATIONCOMPLET
(ID, IDFABRICATION, IDPOSTEDEFAUT, IDRESSOURCE, MATRICULE, IDOF, ETAT, TEMPORAIRE, IDQUALIFICATION, IDCATEGORIE, IDPOSTE, IDPOSTELIB, IDQUALIFICATIONEFFECTIVE, TAUXHORAIRE, HS, MN, JF, HD, "IF", ETATLIB, IDRESSOURCELIB)
VALUES('RPFAB000195', 'FAB000972', 'PST001', 'PRSRT000088', '1045', NULL, 11, NULL, 'QUAL0033', 'CP000002', 'EX000041', 'Machiniste', 'QUAL0033', 1744.04, 0, 0, 0, 0, 0, 'VISEE', '1045');





-- HEURESUP FAB
INSERT INTO HEURESUPFABRICATION
(ID, IDRESSPARFAB, HS, MN, JF, HD, "IF", ETAT, REMARQUE, TEMPORAIRE, HEURENORMALE, POSTE, EQUIPE, MONTANT, IDFABRICATION, MONTANTJFHD)
VALUES('HSFab000131', 'RPFAB000206', 0, 0, 0, 0, 0, 1, '2522A-2532A-2547A', 1, 0, NULL, NULL, 0, 'FAB000972', NULL);
INSERT INTO HEURESUPFABRICATION
(ID, IDRESSPARFAB, HS, MN, JF, HD, "IF", ETAT, REMARQUE, TEMPORAIRE, HEURENORMALE, POSTE, EQUIPE, MONTANT, IDFABRICATION, MONTANTJFHD)
VALUES('HSFab000132', 'RPFAB000203', 0, 0, 0, 0, 0, 1, '1529A-1747A-2036A', 1, 0, NULL, NULL, 0, 'FAB000972', NULL);
INSERT INTO HEURESUPFABRICATION
(ID, IDRESSPARFAB, HS, MN, JF, HD, "IF", ETAT, REMARQUE, TEMPORAIRE, HEURENORMALE, POSTE, EQUIPE, MONTANT, IDFABRICATION, MONTANTJFHD)
VALUES('HSFab000133', 'RPFAB000175', NULL, 0, 0, 0, 0, 1, '930T-951T', 1, 16, NULL, NULL, 0, 'FAB000972', NULL);
INSERT INTO HEURESUPFABRICATION
(ID, IDRESSPARFAB, HS, MN, JF, HD, "IF", ETAT, REMARQUE, TEMPORAIRE, HEURENORMALE, POSTE, EQUIPE, MONTANT, IDFABRICATION, MONTANTJFHD)
VALUES('HSFab000134', 'RPFAB000170', 0, 0, 0, 36, 0, 1, '2282A-2746A-2747A', 1, 0, NULL, NULL, 0, 'FAB000972', NULL);
INSERT INTO HEURESUPFABRICATION
(ID, IDRESSPARFAB, HS, MN, JF, HD, "IF", ETAT, REMARQUE, TEMPORAIRE, HEURENORMALE, POSTE, EQUIPE, MONTANT, IDFABRICATION, MONTANTJFHD)
VALUES('HSFab000135', 'RPFAB000172', NULL, 0, 0, 0, 8, 1, '1151A-2222A-2442A', 1, 24, NULL, NULL, 0, 'FAB000972', NULL);
INSERT INTO HEURESUPFABRICATION
(ID, IDRESSPARFAB, HS, MN, JF, HD, "IF", ETAT, REMARQUE, TEMPORAIRE, HEURENORMALE, POSTE, EQUIPE, MONTANT, IDFABRICATION, MONTANTJFHD)
VALUES('HSFab000136', 'RPFAB000205', 0, 0, 0, 0, 0, 1, '2406A-2456A-2461A', 1, 0, NULL, NULL, 0, 'FAB000972', NULL);
INSERT INTO HEURESUPFABRICATION
(ID, IDRESSPARFAB, HS, MN, JF, HD, "IF", ETAT, REMARQUE, TEMPORAIRE, HEURENORMALE, POSTE, EQUIPE, MONTANT, IDFABRICATION, MONTANTJFHD)
VALUES('HSFab000137', 'RPFAB000208', 0, 0, 0, 0, 0, 1, '2630A-2633A-2749A', 1, 0, NULL, NULL, 0, 'FAB000972', NULL);
INSERT INTO HEURESUPFABRICATION
(ID, IDRESSPARFAB, HS, MN, JF, HD, "IF", ETAT, REMARQUE, TEMPORAIRE, HEURENORMALE, POSTE, EQUIPE, MONTANT, IDFABRICATION, MONTANTJFHD)
VALUES('HSFab000138', 'RPFAB000207', 0, 0, 0, 0, 0, 1, '2550A-2556A-2629A', 1, 0, NULL, NULL, 0, 'FAB000972', NULL);
INSERT INTO HEURESUPFABRICATION
(ID, IDRESSPARFAB, HS, MN, JF, HD, "IF", ETAT, REMARQUE, TEMPORAIRE, HEURENORMALE, POSTE, EQUIPE, MONTANT, IDFABRICATION, MONTANTJFHD)
VALUES('HSFab000139', 'RPFAB000171', 0, 0, 0, 0, 0, 11, '201A-719A-767A', 1, 27, NULL, NULL, 43983, 'FAB000972', NULL);
INSERT INTO HEURESUPFABRICATION
(ID, IDRESSPARFAB, HS, MN, JF, HD, "IF", ETAT, REMARQUE, TEMPORAIRE, HEURENORMALE, POSTE, EQUIPE, MONTANT, IDFABRICATION, MONTANTJFHD)
VALUES('HSFab000140', 'RPFAB000173', 0, 0, 0, 0, 0, 11, '2608A-2609A-2649A', 1, 24, NULL, NULL, 39096, 'FAB000972', NULL);
INSERT INTO HEURESUPFABRICATION
(ID, IDRESSPARFAB, HS, MN, JF, HD, "IF", ETAT, REMARQUE, TEMPORAIRE, HEURENORMALE, POSTE, EQUIPE, MONTANT, IDFABRICATION, MONTANTJFHD)
VALUES('HSFab000141', 'RPFAB000174', 0, 0, 0, 0, 0, 11, '2741A-2742A', 1, 16, NULL, NULL, 26064, 'FAB000972', NULL);
INSERT INTO HEURESUPFABRICATION
(ID, IDRESSPARFAB, HS, MN, JF, HD, "IF", ETAT, REMARQUE, TEMPORAIRE, HEURENORMALE, POSTE, EQUIPE, MONTANT, IDFABRICATION, MONTANTJFHD)
VALUES('HSFab000142', 'RPFAB000204', 0, 0, 0, 0, 0, 1, '2191A-2355A-2388A', 1, 0, NULL, NULL, 0, 'FAB000972', NULL);
INSERT INTO HEURESUPFABRICATION
(ID, IDRESSPARFAB, HS, MN, JF, HD, "IF", ETAT, REMARQUE, TEMPORAIRE, HEURENORMALE, POSTE, EQUIPE, MONTANT, IDFABRICATION, MONTANTJFHD)
VALUES('HSFab000143', 'RPFAB000209', 0, 0, 0, 0, 0, 1, '2752A-2753A-2756A', 1, 0, NULL, NULL, 0, 'FAB000972', NULL);
INSERT INTO HEURESUPFABRICATION
(ID, IDRESSPARFAB, HS, MN, JF, HD, "IF", ETAT, REMARQUE, TEMPORAIRE, HEURENORMALE, POSTE, EQUIPE, MONTANT, IDFABRICATION, MONTANTJFHD)
VALUES('HSFab000144', 'RPFAB000169', 0, 0, 0, 36, 0, 11, '1443A-1921A-2034A', 1, 0, NULL, NULL, 82101.6, 'FAB000972', NULL);
INSERT INTO HEURESUPFABRICATION
(ID, IDRESSPARFAB, HS, MN, JF, HD, "IF", ETAT, REMARQUE, TEMPORAIRE, HEURENORMALE, POSTE, EQUIPE, MONTANT, IDFABRICATION, MONTANTJFHD)
VALUES('HSFab000145', 'RPFAB000180', 8, 0, 0, 0, 0, 1, '1084', 0, 0, NULL, NULL, 0, 'FAB000972', NULL);
INSERT INTO HEURESUPFABRICATION
(ID, IDRESSPARFAB, HS, MN, JF, HD, "IF", ETAT, REMARQUE, TEMPORAIRE, HEURENORMALE, POSTE, EQUIPE, MONTANT, IDFABRICATION, MONTANTJFHD)
VALUES('HSFab000146', 'RPFAB000210', 0, 0, 0, 0, 0, 1, '2764A-2766A-2769A', 1, 0, NULL, NULL, 0, 'FAB000972', NULL);
INSERT INTO HEURESUPFABRICATION
(ID, IDRESSPARFAB, HS, MN, JF, HD, "IF", ETAT, REMARQUE, TEMPORAIRE, HEURENORMALE, POSTE, EQUIPE, MONTANT, IDFABRICATION, MONTANTJFHD)
VALUES('HSFab000147', 'RPFAB000166', 8, 0, 0, 0, 0, 11, '1055', 0, 0, NULL, NULL, 0, 'FAB000972', NULL);
INSERT INTO HEURESUPFABRICATION
(ID, IDRESSPARFAB, HS, MN, JF, HD, "IF", ETAT, REMARQUE, TEMPORAIRE, HEURENORMALE, POSTE, EQUIPE, MONTANT, IDFABRICATION, MONTANTJFHD)
VALUES('HSFab000148', 'RPFAB000160', 0, 0, 0, 12, 0, 11, '964', 0, 0, NULL, NULL, 29064, 'FAB000972', NULL);
INSERT INTO HEURESUPFABRICATION
(ID, IDRESSPARFAB, HS, MN, JF, HD, "IF", ETAT, REMARQUE, TEMPORAIRE, HEURENORMALE, POSTE, EQUIPE, MONTANT, IDFABRICATION, MONTANTJFHD)
VALUES('HSFab000149', 'RPFAB000148', 0, 0, 0, 12, 0, 11, '755', 0, 0, NULL, NULL, 29064, 'FAB000972', NULL);
INSERT INTO HEURESUPFABRICATION
(ID, IDRESSPARFAB, HS, MN, JF, HD, "IF", ETAT, REMARQUE, TEMPORAIRE, HEURENORMALE, POSTE, EQUIPE, MONTANT, IDFABRICATION, MONTANTJFHD)
VALUES('HSFab000150', 'RPFAB000146', 0, 0, 0, 12, 0, 1, '743', 0, 0, NULL, NULL, 0, 'FAB000972', NULL);
INSERT INTO HEURESUPFABRICATION
(ID, IDRESSPARFAB, HS, MN, JF, HD, "IF", ETAT, REMARQUE, TEMPORAIRE, HEURENORMALE, POSTE, EQUIPE, MONTANT, IDFABRICATION, MONTANTJFHD)
VALUES('HSFab000151', 'RPFAB000176', 8, 0, 0, 0, 0, 1, '742', 0, 0, NULL, NULL, 0, 'FAB000972', NULL);
INSERT INTO HEURESUPFABRICATION
(ID, IDRESSPARFAB, HS, MN, JF, HD, "IF", ETAT, REMARQUE, TEMPORAIRE, HEURENORMALE, POSTE, EQUIPE, MONTANT, IDFABRICATION, MONTANTJFHD)
VALUES('HSFab000152', 'RPFAB000147', 0, 0, 0, 12, 0, 1, '754', 0, 0, NULL, NULL, 0, 'FAB000972', NULL);
INSERT INTO HEURESUPFABRICATION
(ID, IDRESSPARFAB, HS, MN, JF, HD, "IF", ETAT, REMARQUE, TEMPORAIRE, HEURENORMALE, POSTE, EQUIPE, MONTANT, IDFABRICATION, MONTANTJFHD)
VALUES('HSFab000153', 'RPFAB000178', 0, 0, 0, 12, 0, 1, '1002', 0, 0, NULL, NULL, 0, 'FAB000972', NULL);
INSERT INTO HEURESUPFABRICATION
(ID, IDRESSPARFAB, HS, MN, JF, HD, "IF", ETAT, REMARQUE, TEMPORAIRE, HEURENORMALE, POSTE, EQUIPE, MONTANT, IDFABRICATION, MONTANTJFHD)
VALUES('HSFab000154', 'RPFAB000194', 0, 0, 0, 0, 0, 1, '1034', 0, 0, NULL, NULL, 0, 'FAB000972', NULL);
INSERT INTO HEURESUPFABRICATION
(ID, IDRESSPARFAB, HS, MN, JF, HD, "IF", ETAT, REMARQUE, TEMPORAIRE, HEURENORMALE, POSTE, EQUIPE, MONTANT, IDFABRICATION, MONTANTJFHD)
VALUES('HSFab000155', 'RPFAB000162', 8, 0, 0, 0, 0, 1, '1019', 0, 0, NULL, NULL, 0, 'FAB000972', NULL);
INSERT INTO HEURESUPFABRICATION
(ID, IDRESSPARFAB, HS, MN, JF, HD, "IF", ETAT, REMARQUE, TEMPORAIRE, HEURENORMALE, POSTE, EQUIPE, MONTANT, IDFABRICATION, MONTANTJFHD)
VALUES('HSFab000156', 'RPFAB000193', 0, 0, 0, 0, 0, 1, '1018', 0, 0, NULL, NULL, 0, 'FAB000972', NULL);
INSERT INTO HEURESUPFABRICATION
(ID, IDRESSPARFAB, HS, MN, JF, HD, "IF", ETAT, REMARQUE, TEMPORAIRE, HEURENORMALE, POSTE, EQUIPE, MONTANT, IDFABRICATION, MONTANTJFHD)
VALUES('HSFab000157', 'RPFAB000179', 8, 0, 0, 0, 0, 1, '1058', 0, 0, NULL, NULL, 0, 'FAB000972', NULL);
INSERT INTO HEURESUPFABRICATION
(ID, IDRESSPARFAB, HS, MN, JF, HD, "IF", ETAT, REMARQUE, TEMPORAIRE, HEURENORMALE, POSTE, EQUIPE, MONTANT, IDFABRICATION, MONTANTJFHD)
VALUES('HSFab000158', 'RPFAB000156', 8, 0, 0, 0, 0, 1, '919', 0, 0, NULL, NULL, 0, 'FAB000972', NULL);
INSERT INTO HEURESUPFABRICATION
(ID, IDRESSPARFAB, HS, MN, JF, HD, "IF", ETAT, REMARQUE, TEMPORAIRE, HEURENORMALE, POSTE, EQUIPE, MONTANT, IDFABRICATION, MONTANTJFHD)
VALUES('HSFab000159', 'RPFAB000195', 0, 0, 0, 0, 0, 1, '1045', 0, 0, NULL, NULL, 0, 'FAB000972', NULL);
INSERT INTO HEURESUPFABRICATION
(ID, IDRESSPARFAB, HS, MN, JF, HD, "IF", ETAT, REMARQUE, TEMPORAIRE, HEURENORMALE, POSTE, EQUIPE, MONTANT, IDFABRICATION, MONTANTJFHD)
VALUES('HSFab000160', 'RPFAB000190', 0, 0, 0, 0, 0, 1, '829', 0, 0, NULL, NULL, 0, 'FAB000972', NULL);
INSERT INTO HEURESUPFABRICATION
(ID, IDRESSPARFAB, HS, MN, JF, HD, "IF", ETAT, REMARQUE, TEMPORAIRE, HEURENORMALE, POSTE, EQUIPE, MONTANT, IDFABRICATION, MONTANTJFHD)
VALUES('HSFab000161', 'RPFAB000152', 0, 0, 0, 12, 0, 1, '802', 0, 0, NULL, NULL, 0, 'FAB000972', NULL);
INSERT INTO HEURESUPFABRICATION
(ID, IDRESSPARFAB, HS, MN, JF, HD, "IF", ETAT, REMARQUE, TEMPORAIRE, HEURENORMALE, POSTE, EQUIPE, MONTANT, IDFABRICATION, MONTANTJFHD)
VALUES('HSFab000162', 'RPFAB000161', 12, 0, 0, 0, 12, 1, '998', 0, 0, NULL, NULL, 0, 'FAB000972', NULL);
INSERT INTO HEURESUPFABRICATION
(ID, IDRESSPARFAB, HS, MN, JF, HD, "IF", ETAT, REMARQUE, TEMPORAIRE, HEURENORMALE, POSTE, EQUIPE, MONTANT, IDFABRICATION, MONTANTJFHD)
VALUES('HSFab000163', 'RPFAB000149', 0, 0, 0, 12, 0, 1, '757', 0, 0, NULL, NULL, 0, 'FAB000972', NULL);
INSERT INTO HEURESUPFABRICATION
(ID, IDRESSPARFAB, HS, MN, JF, HD, "IF", ETAT, REMARQUE, TEMPORAIRE, HEURENORMALE, POSTE, EQUIPE, MONTANT, IDFABRICATION, MONTANTJFHD)
VALUES('HSFab000164', 'RPFAB000151', 0, 0, 0, 12, 0, 1, '801', 0, 0, NULL, NULL, 0, 'FAB000972', NULL);
INSERT INTO HEURESUPFABRICATION
(ID, IDRESSPARFAB, HS, MN, JF, HD, "IF", ETAT, REMARQUE, TEMPORAIRE, HEURENORMALE, POSTE, EQUIPE, MONTANT, IDFABRICATION, MONTANTJFHD)
VALUES('HSFab000165', 'RPFAB000155', 0, 0, 0, 12, 0, 1, '852', 0, 0, NULL, NULL, 0, 'FAB000972', NULL);
INSERT INTO HEURESUPFABRICATION
(ID, IDRESSPARFAB, HS, MN, JF, HD, "IF", ETAT, REMARQUE, TEMPORAIRE, HEURENORMALE, POSTE, EQUIPE, MONTANT, IDFABRICATION, MONTANTJFHD)
VALUES('HSFab000166', 'RPFAB000189', 0, 0, 0, 0, 0, 1, '800', 0, 0, NULL, NULL, 0, 'FAB000972', NULL);
INSERT INTO HEURESUPFABRICATION
(ID, IDRESSPARFAB, HS, MN, JF, HD, "IF", ETAT, REMARQUE, TEMPORAIRE, HEURENORMALE, POSTE, EQUIPE, MONTANT, IDFABRICATION, MONTANTJFHD)
VALUES('HSFab000167', 'RPFAB000188', 0, 0, 0, 0, 0, 1, '799', 0, 0, NULL, NULL, 0, 'FAB000972', NULL);
INSERT INTO HEURESUPFABRICATION
(ID, IDRESSPARFAB, HS, MN, JF, HD, "IF", ETAT, REMARQUE, TEMPORAIRE, HEURENORMALE, POSTE, EQUIPE, MONTANT, IDFABRICATION, MONTANTJFHD)
VALUES('HSFab000168', 'RPFAB000159', 0, 0, 0, 12, 0, 1, '944', 0, 0, NULL, NULL, 0, 'FAB000972', NULL);
INSERT INTO HEURESUPFABRICATION
(ID, IDRESSPARFAB, HS, MN, JF, HD, "IF", ETAT, REMARQUE, TEMPORAIRE, HEURENORMALE, POSTE, EQUIPE, MONTANT, IDFABRICATION, MONTANTJFHD)
VALUES('HSFab000169', 'RPFAB000154', 8, 0, 0, 0, 0, 1, '850', 0, 0, NULL, NULL, 0, 'FAB000972', NULL);
INSERT INTO HEURESUPFABRICATION
(ID, IDRESSPARFAB, HS, MN, JF, HD, "IF", ETAT, REMARQUE, TEMPORAIRE, HEURENORMALE, POSTE, EQUIPE, MONTANT, IDFABRICATION, MONTANTJFHD)
VALUES('HSFab000170', 'RPFAB000157', 8, 0, 0, 0, 0, 1, '920', 0, 0, NULL, NULL, 0, 'FAB000972', NULL);
INSERT INTO HEURESUPFABRICATION
(ID, IDRESSPARFAB, HS, MN, JF, HD, "IF", ETAT, REMARQUE, TEMPORAIRE, HEURENORMALE, POSTE, EQUIPE, MONTANT, IDFABRICATION, MONTANTJFHD)
VALUES('HSFab000171', 'RPFAB000153', 4, 0, 0, 0, 0, 1, '806', 0, 0, NULL, NULL, 0, 'FAB000972', NULL);
INSERT INTO HEURESUPFABRICATION
(ID, IDRESSPARFAB, HS, MN, JF, HD, "IF", ETAT, REMARQUE, TEMPORAIRE, HEURENORMALE, POSTE, EQUIPE, MONTANT, IDFABRICATION, MONTANTJFHD)
VALUES('HSFab000172', 'RPFAB000168', 8, 0, 0, 0, 0, 1, '785', 0, 0, NULL, NULL, 0, 'FAB000972', NULL);
INSERT INTO HEURESUPFABRICATION
(ID, IDRESSPARFAB, HS, MN, JF, HD, "IF", ETAT, REMARQUE, TEMPORAIRE, HEURENORMALE, POSTE, EQUIPE, MONTANT, IDFABRICATION, MONTANTJFHD)
VALUES('HSFab000173', 'RPFAB000167', 12, 0, 0, 0, 0, 1, '1082', 0, 0, NULL, NULL, 0, 'FAB000972', NULL);
INSERT INTO HEURESUPFABRICATION
(ID, IDRESSPARFAB, HS, MN, JF, HD, "IF", ETAT, REMARQUE, TEMPORAIRE, HEURENORMALE, POSTE, EQUIPE, MONTANT, IDFABRICATION, MONTANTJFHD)
VALUES('HSFab000174', 'RPFAB000150', 13, 0, 0, 0, 0, 1, '762', 0, 0, NULL, NULL, 0, 'FAB000972', NULL);
INSERT INTO HEURESUPFABRICATION
(ID, IDRESSPARFAB, HS, MN, JF, HD, "IF", ETAT, REMARQUE, TEMPORAIRE, HEURENORMALE, POSTE, EQUIPE, MONTANT, IDFABRICATION, MONTANTJFHD)
VALUES('HSFab000175', 'RPFAB000158', 8, 0, 0, 0, 0, 1, '926', 0, 0, NULL, NULL, 0, 'FAB000972', NULL);
INSERT INTO HEURESUPFABRICATION
(ID, IDRESSPARFAB, HS, MN, JF, HD, "IF", ETAT, REMARQUE, TEMPORAIRE, HEURENORMALE, POSTE, EQUIPE, MONTANT, IDFABRICATION, MONTANTJFHD)
VALUES('HSFab000176', 'RPFAB000181', 0, 0, 0, 0, 0, 1, '760', 0, 0, NULL, NULL, 0, 'FAB000972', NULL);
INSERT INTO HEURESUPFABRICATION
(ID, IDRESSPARFAB, HS, MN, JF, HD, "IF", ETAT, REMARQUE, TEMPORAIRE, HEURENORMALE, POSTE, EQUIPE, MONTANT, IDFABRICATION, MONTANTJFHD)
VALUES('HSFab000177', 'RPFAB000200', 0, 0, 0, 0, 0, 1, '2765A-2770A', 1, 0, NULL, NULL, 0, 'FAB000972', NULL);
INSERT INTO HEURESUPFABRICATION
(ID, IDRESSPARFAB, HS, MN, JF, HD, "IF", ETAT, REMARQUE, TEMPORAIRE, HEURENORMALE, POSTE, EQUIPE, MONTANT, IDFABRICATION, MONTANTJFHD)
VALUES('HSFab000178', 'RPFAB000196', 0, 0, 0, 0, 0, 1, '694A-1747A-2355A', 1, 0, NULL, NULL, 0, 'FAB000972', NULL);
INSERT INTO HEURESUPFABRICATION
(ID, IDRESSPARFAB, HS, MN, JF, HD, "IF", ETAT, REMARQUE, TEMPORAIRE, HEURENORMALE, POSTE, EQUIPE, MONTANT, IDFABRICATION, MONTANTJFHD)
VALUES('HSFab000179', 'RPFAB000198', 0, 0, 0, 0, 0, 1, '2749A-2191A-2751A', 1, 0, NULL, NULL, 0, 'FAB000972', NULL);
INSERT INTO HEURESUPFABRICATION
(ID, IDRESSPARFAB, HS, MN, JF, HD, "IF", ETAT, REMARQUE, TEMPORAIRE, HEURENORMALE, POSTE, EQUIPE, MONTANT, IDFABRICATION, MONTANTJFHD)
VALUES('HSFab000180', 'RPFAB000199', 0, 0, 0, 0, 0, 1, '2752A-2522A-2757A', 1, 0, NULL, NULL, 0, 'FAB000972', NULL);
INSERT INTO HEURESUPFABRICATION
(ID, IDRESSPARFAB, HS, MN, JF, HD, "IF", ETAT, REMARQUE, TEMPORAIRE, HEURENORMALE, POSTE, EQUIPE, MONTANT, IDFABRICATION, MONTANTJFHD)
VALUES('HSFab000181', 'RPFAB000197', 0, 0, 0, 0, 0, 1, '2456A-2532A-2629A', 1, 0, NULL, NULL, 0, 'FAB000972', NULL);
INSERT INTO HEURESUPFABRICATION
(ID, IDRESSPARFAB, HS, MN, JF, HD, "IF", ETAT, REMARQUE, TEMPORAIRE, HEURENORMALE, POSTE, EQUIPE, MONTANT, IDFABRICATION, MONTANTJFHD)
VALUES('HSFab000182', 'RPFAB000202', 0, 0, 0, 0, 0, 1, '1529A-1747A-2036A', 1, 0, NULL, NULL, 0, 'FAB000972', NULL);
INSERT INTO HEURESUPFABRICATION
(ID, IDRESSPARFAB, HS, MN, JF, HD, "IF", ETAT, REMARQUE, TEMPORAIRE, HEURENORMALE, POSTE, EQUIPE, MONTANT, IDFABRICATION, MONTANTJFHD)
VALUES('HSFab000183', 'RPFAB000186', 0, 0, 0, 0, 0, 11, '2405A-2523A-63T', 1, 24, NULL, NULL, 62304, 'FAB000972', NULL);
INSERT INTO HEURESUPFABRICATION
(ID, IDRESSPARFAB, HS, MN, JF, HD, "IF", ETAT, REMARQUE, TEMPORAIRE, HEURENORMALE, POSTE, EQUIPE, MONTANT, IDFABRICATION, MONTANTJFHD)
VALUES('HSFab000184', 'RPFAB000182', 0, 0, 0, 0, 0, 11, '37A-595A-643A', 1, 12, NULL, NULL, 31152, 'FAB000972', NULL);
INSERT INTO HEURESUPFABRICATION
(ID, IDRESSPARFAB, HS, MN, JF, HD, "IF", ETAT, REMARQUE, TEMPORAIRE, HEURENORMALE, POSTE, EQUIPE, MONTANT, IDFABRICATION, MONTANTJFHD)
VALUES('HSFab000185', 'RPFAB000185', 0, 0, 0, 0, 0, 11, '2269A-2364A-2404A', 1, 24, NULL, NULL, 62304, 'FAB000972', NULL);
INSERT INTO HEURESUPFABRICATION
(ID, IDRESSPARFAB, HS, MN, JF, HD, "IF", ETAT, REMARQUE, TEMPORAIRE, HEURENORMALE, POSTE, EQUIPE, MONTANT, IDFABRICATION, MONTANTJFHD)
VALUES('HSFab000186', 'RPFAB000187', NULL, 0, 0, 0, 0, 1, '64T-104T-912T', 1, 24, NULL, NULL, 0, 'FAB000972', NULL);
INSERT INTO HEURESUPFABRICATION
(ID, IDRESSPARFAB, HS, MN, JF, HD, "IF", ETAT, REMARQUE, TEMPORAIRE, HEURENORMALE, POSTE, EQUIPE, MONTANT, IDFABRICATION, MONTANTJFHD)
VALUES('HSFab000187', 'RPFAB000183', 0, 0, 0, 0, 0, 11, '674A-1909A-1921A', 1, 12, NULL, NULL, 31152, 'FAB000972', NULL);
INSERT INTO HEURESUPFABRICATION
(ID, IDRESSPARFAB, HS, MN, JF, HD, "IF", ETAT, REMARQUE, TEMPORAIRE, HEURENORMALE, POSTE, EQUIPE, MONTANT, IDFABRICATION, MONTANTJFHD)
VALUES('HSFab000188', 'RPFAB000184', 0, 0, 0, 0, 0, 11, '2068A-2179A-2259A', 1, 20, NULL, NULL, 51920, 'FAB000972', NULL);
INSERT INTO HEURESUPFABRICATION
(ID, IDRESSPARFAB, HS, MN, JF, HD, "IF", ETAT, REMARQUE, TEMPORAIRE, HEURENORMALE, POSTE, EQUIPE, MONTANT, IDFABRICATION, MONTANTJFHD)
VALUES('HSFab000189', 'RPFAB000165', 8, 0, 0, 0, 0, 1, '1052', 0, 0, NULL, NULL, 0, 'FAB000972', NULL);
INSERT INTO HEURESUPFABRICATION
(ID, IDRESSPARFAB, HS, MN, JF, HD, "IF", ETAT, REMARQUE, TEMPORAIRE, HEURENORMALE, POSTE, EQUIPE, MONTANT, IDFABRICATION, MONTANTJFHD)
VALUES('HSFab000190', 'RPFAB000201', 0, 0, 0, 0, 0, 1, '370A-1275A-1525A', 1, 0, NULL, NULL, 0, 'FAB000972', NULL);
INSERT INTO HEURESUPFABRICATION
(ID, IDRESSPARFAB, HS, MN, JF, HD, "IF", ETAT, REMARQUE, TEMPORAIRE, HEURENORMALE, POSTE, EQUIPE, MONTANT, IDFABRICATION, MONTANTJFHD)
VALUES('HSFab000191', 'RPFAB000164', 8, 0, 0, 0, 0, 1, '1047', 0, 0, NULL, NULL, 0, 'FAB000972', NULL);
INSERT INTO HEURESUPFABRICATION
(ID, IDRESSPARFAB, HS, MN, JF, HD, "IF", ETAT, REMARQUE, TEMPORAIRE, HEURENORMALE, POSTE, EQUIPE, MONTANT, IDFABRICATION, MONTANTJFHD)
VALUES('HSFab000192', 'RPFAB000163', 8, 0, 0, 0, 0, 1, '1042', 0, 0, NULL, NULL, 0, 'FAB000972', NULL);
INSERT INTO HEURESUPFABRICATION
(ID, IDRESSPARFAB, HS, MN, JF, HD, "IF", ETAT, REMARQUE, TEMPORAIRE, HEURENORMALE, POSTE, EQUIPE, MONTANT, IDFABRICATION, MONTANTJFHD)
VALUES('HSFab000193', 'RPFAB000192', 0, 0, 0, 0, 0, 1, '945', 0, 0, NULL, NULL, 0, 'FAB000972', NULL);
INSERT INTO HEURESUPFABRICATION
(ID, IDRESSPARFAB, HS, MN, JF, HD, "IF", ETAT, REMARQUE, TEMPORAIRE, HEURENORMALE, POSTE, EQUIPE, MONTANT, IDFABRICATION, MONTANTJFHD)
VALUES('HSFab000194', 'RPFAB000191', 0, 0, 0, 0, 0, 1, '865', 0, 0, NULL, NULL, 0, 'FAB000972', NULL);
